"Id","Path","Slice Name","Alias(s)","Label","Min","Max","Must Support?","Is Modifier?","Is Summary?","Type(s)","Short","Definition","Comments","Requirements","Default Value","Meaning When Missing","Fixed Value","Pattern","Example","Minimum Value","Maximum Value","Maximum Length","Binding Strength","Binding Description","Binding Value Set","Code","Slicing Discriminator","Slicing Description","Slicing Ordered","Slicing Rules","Base Path","Base Min","Base Max","Condition(s)","Constraint(s)","Mapping: Workflow Pattern","Mapping: RIM Mapping","Mapping: DICOM Tag Mapping","Mapping: FiveWs Pattern Mapping","Mapping: HL7 v2 Mapping"
"ImagingStudy","ImagingStudy","","","",0,*,"","","","","A set of images produced in single study (one or more series of references images)　単一の検査スタディで生成された画像のセット（1つ以上の一連の参照画像）","Representation of the content produced in a DICOM imaging study. A study comprises a set of series, each of which includes a set of Service-Object Pair Instances (SOP Instances - images or other data) acquired or produced in a common context.  A series is of only one modality (e.g. X-ray, CT, MR, ultrasound), but a study may have multiple series of different modalities.

DICOM画像検査で作成されたコンテンツの表現。スタディは一連のシリーズで構成され、各シリーズには、共通のコンテキストで取得または生成された一連のサービスオブジェクトペアインスタンス（SOPインスタンス-画像またはその他のデータ）が含まれる。シリーズは1つのモダリティ（X線、CT、MR、超音波など）のみだが、スタディには複数の異なるモダリティのシリーズが含まれる場合がある。","","","","","","","","","",,,,,"",,,,"ImagingStudy",0,*,"","dom-2:If the resource is contained in another resource, it SHALL NOT contain nested Resources {contained.contained.empty()}
dom-3:If the resource is contained in another resource, it SHALL be referred to from elsewhere in the resource or SHALL refer to the containing resource {contained.where((('#'+id in (%resource.descendants().reference | %resource.descendants().as(canonical) | %resource.descendants().as(uri) | %resource.descendants().as(url))) or descendants().where(reference = '#').exists() or descendants().where(as(canonical) = '#').exists() or descendants().where(as(canonical) = '#').exists()).not()).trace('unmatched', id).empty()}dom-4:If a resource is contained in another resource, it SHALL NOT have a meta.versionId or a meta.lastUpdated {contained.meta.versionId.empty() and contained.meta.lastUpdated.empty()}dom-5:If a resource is contained in another resource, it SHALL NOT have a security label {contained.meta.security.empty()}dom-6:A resource should have narrative for robust management {text.`div`.exists()}","Event","Entity. Role, or Act","Act[classCode=COMPOSITION, moodCode=EVN]","Reference IHE radiology TF vol 2 table 4.14-1"
"ImagingStudy.id","ImagingStudy.id","","","",0,1,"","","Y","string {[]} {[]}
","Logical id of this artifact","The logical id of the resource, as used in the URL for the resource. Once assigned, this value never changes.","The only time that a resource does not have an id is when it is being submitted to the server using a create operation.","","","","","","","","",,,,,"",,,,"Resource.id",0,1,"",""
"ImagingStudy.meta","ImagingStudy.meta","","","",0,1,"","","Y","Meta {[]} {[]}
","Metadata about the resource","The metadata about the resource. This is content that is maintained by the infrastructure. Changes to the content might not always be associated with version changes to the resource.","","","","","","","","","",,,,,"",,,,"Resource.meta",0,1,"","ele-1:All FHIR elements must have a @value or children {hasValue() or (children().count() > id.count())}
"
"ImagingStudy.implicitRules","ImagingStudy.implicitRules","","","",0,1,"","Y","Y","uri {[]} {[]}
","A set of rules under which this content was created","A reference to a set of rules that were followed when the resource was constructed, and which must be understood when processing the content. Often, this is a reference to an implementation guide that defines the special rules along with other profiles etc.","Asserting this rule set restricts the content to be only understood by a limited set of trading partners. This inherently limits the usefulness of the data in the long term. However, the existing health eco-system is highly fractured, and not yet ready to define, collect, and exchange data in a generally computable sense. Wherever possible, implementers and/or specification writers should avoid using this element. Often, when used, the URL is a reference to an implementation guide that defines these special rules as part of it's narrative along with other profiles, value sets, etc.","","","","","","","","",,,,,"",,,,"Resource.implicitRules",0,1,"","ele-1:All FHIR elements must have a @value or children {hasValue() or (children().count() > id.count())}
"
"ImagingStudy.language","ImagingStudy.language","","","",0,1,"","","","code {[]} {[]}
","Language of the resource content","The base language in which the resource is written.","Language is provided to support indexing and accessibility (typically, services such as text to speech use the language tag). The html language tag in the narrative applies  to the narrative. The language tag on the resource may be used to specify the language of other presentations generated from the data in the resource. Not all the content has to be in the base language. The Resource.language should not be assumed to apply to the narrative automatically. If a language is specified, it should it also be specified on the div element in the html (see rules in HTML5 for information about the relationship between xml:lang and the html lang attribute).","","","","","","","","",,"preferred","A human language.","http://hl7.org/fhir/ValueSet/languages","",,,,"Resource.language",0,1,"","ele-1:All FHIR elements must have a @value or children {hasValue() or (children().count() > id.count())}
"
"ImagingStudy.text","ImagingStudy.text","","narrative
htmlxhtmldisplay","",0,1,"","","","Narrative {[]} {[]}
","Text summary of the resource, for human interpretation","A human-readable narrative that contains a summary of the resource and can be used to represent the content of the resource to a human. The narrative need not encode all the structured data, but is required to contain sufficient detail to make it ""clinically safe"" for a human to just read the narrative. Resource definitions may define what content should be represented in the narrative to ensure clinical safety.","Contained resources do not have narrative. Resources that are not contained SHOULD have a narrative. In some cases, a resource may only have text with little or no additional discrete data (as long as all minOccurs=1 elements are satisfied).  This may be necessary for data from legacy systems where information is captured as a ""text blob"" or where text is additionally entered raw or narrated and encoded information is added later.","","","","","","","","",,,,,"",,,,"DomainResource.text",0,1,"","ele-1:All FHIR elements must have a @value or children {hasValue() or (children().count() > id.count())}
","Act.text?"
"ImagingStudy.contained","ImagingStudy.contained","","inline resources
anonymous resourcescontained resources","",0,*,"","","","Resource {[]} {[]}
","Contained, inline Resources","These resources do not have an independent existence apart from the resource that contains them - they cannot be identified independently, and nor can they have their own independent transaction scope.","This should never be done when the content can be identified properly, as once identification is lost, it is extremely difficult (and context dependent) to restore it again. Contained resources may have profiles and tags In their meta elements, but SHALL NOT have security labels.","","","","","","","","",,,,,"",,,,"DomainResource.contained",0,*,"","","N/A"
"ImagingStudy.extension","ImagingStudy.extension","","extensions
user content","",0,*,"","","","Extension {[]} {[]}
","Additional content defined by implementations","May be used to represent additional information that is not part of the basic definition of the resource. To make the use of extensions safe and manageable, there is a strict set of governance  applied to the definition and use of extensions. Though any implementer can define an extension, there is a set of requirements that SHALL be met as part of the definition of the extension.","There can be no stigma associated with the use of extensions by any application, project, or standard - regardless of the institution or jurisdiction that uses or defines the extensions.  The use of extensions is what allows the FHIR specification to retain a core level of simplicity for everyone.","","","","","","","","",,,,,"",,,,"DomainResource.extension",0,*,"","ele-1:All FHIR elements must have a @value or children {hasValue() or (children().count() > id.count())}
ext-1:Must have either extensions or value[x], not both {extension.exists() != value.exists()}","N/A"
"ImagingStudy.modifierExtension","ImagingStudy.modifierExtension","","extensions
user content","",0,*,"","Y","","Extension {[]} {[]}
","Extensions that cannot be ignored","May be used to represent additional information that is not part of the basic definition of the resource and that modifies the understanding of the element that contains it and/or the understanding of the containing element's descendants. Usually modifier elements provide negation or qualification. To make the use of extensions safe and manageable, there is a strict set of governance applied to the definition and use of extensions. Though any implementer is allowed to define an extension, there is a set of requirements that SHALL be met as part of the definition of the extension. Applications processing a resource are required to check for modifier extensions.

Modifier extensions SHALL NOT change the meaning of any elements on Resource or DomainResource (including cannot change the meaning of modifierExtension itself).","There can be no stigma associated with the use of extensions by any application, project, or standard - regardless of the institution or jurisdiction that uses or defines the extensions.  The use of extensions is what allows the FHIR specification to retain a core level of simplicity for everyone.","Modifier extensions allow for extensions that *cannot* be safely ignored to be clearly distinguished from the vast majority of extensions which can be safely ignored.  This promotes interoperability by eliminating the need for implementers to prohibit the presence of extensions. For further information, see the [definition of modifier extensions](http://hl7.org/fhir/R4/extensibility.html#modifierExtension).","","","","","","","",,,,,"",,,,"DomainResource.modifierExtension",0,*,"","ele-1:All FHIR elements must have a @value or children {hasValue() or (children().count() > id.count())}
ext-1:Must have either extensions or value[x], not both {extension.exists() != value.exists()}","N/A"
"ImagingStudy.identifier","ImagingStudy.identifier","","StudyInstanceUID
AccessionNumber","",0,*,"","","Y","Identifier {[]} {[]}
","Identifiers for the whole study　スタディ全体の識別子","Identifiers for the ImagingStudy such as DICOM Study Instance UID, and Accession Number.

DICOMスタディインスタンスUIDやアクセッション番号などのImagingStudyの識別子。","See discussion under [Imaging Study Implementation Notes](imagingstudy.html#notes) for encoding of DICOM Study Instance UID. Accession Number should use ACSN Identifier type.

DICOMスタディインスタンスUIDのエンコードについては、[Imaging Study Implementation Notes]（imagingstudy.html＃notes）の説明を参照。アクセッション番号はACSN識別子タイプを使用する必要がある。

<br/><br/>
【JP仕様】<br/>
Study Instance UIDは必須、その他は任意。","If one or more series elements are present in the ImagingStudy, then there shall be one DICOM Study UID identifier (see [DICOM PS 3.3 C.7.2](http://dicom.nema.org/medical/dicom/current/output/chtml/part03/sect_C.7.2.html).
ImagingStudyに1つ以上のシリーズ要素が存在する場合、1つのDICOMスタディUID識別子が存在する必要がある（[DICOM PS 3.3 C.7.2]（http://dicom.nema.org/medical/dicom/current/output/を参照） chtml / part03 / sect_C.7.2.html）。","","","","","","","",,,,,"",,,,"ImagingStudy.identifier",0,*,"","ele-1:All FHIR elements must have a @value or children {hasValue() or (children().count() > id.count())}
","Event.identifier",".id and .inboundRelationship[typeCode=COMP].source[classCode=ACSN, moodCode=EVN].id","StudyInstanceUID (0020,000D) | Accession Number and Issuer (0080,0050)+(0080,0051) | Study ID (0020,0010)","FiveWs.identifier"
"ImagingStudy.status","ImagingStudy.status","","","",1,1,"","Y","Y","code {[]} {[]}
","registered | available | cancelled | entered-in-error | unknown","The current state of the ImagingStudy.　
ImagingStudyの現在のステータス","Unknown does not represent ""other"" - one of the defined statuses must apply.  Unknown is used when the authoring system is not sure what the current status is.

不明は「その他」を表すものではない。定義されたステータスの1つを適用する必要がある。不明は、オーサリングシステムが現在のステータスを確認できない場合に使用される。

<br/><br/>
【JP仕様】<br/>
リソースの状態。","","","","","","","","",,"required","The status of the ImagingStudy.","http://hl7.org/fhir/ValueSet/imagingstudy-status|4.0.1","",,,,"ImagingStudy.status",1,1,"","ele-1:All FHIR elements must have a @value or children {hasValue() or (children().count() > id.count())}
","Event.status",".status","FiveWs.status","Varies by domain"
"ImagingStudy.modality","ImagingStudy.modality","","ModalitiesInStudy
","",0,*,"","","Y","Coding {[]} {[]}
","All series modality if actual acquisition modalities　実際の取得モダリティーの場合、モダリティーの全シリーズ","A list of all the series.modality values that are actual acquisition modalities, i.e. those in the DICOM Context Group 29 (value set OID 1.2.840.10008.6.1.19).

実際の取得モダリティであるすべてのseries.modality値のリスト、つまりDICOMコンテキストグループ29（値セットOID 1.2.840.10008.6.1.19）の値。","Codes may be defined very casually in enumerations or code lists, up to very formal definitions such as SNOMED CT - see the HL7 v3 Core Principles for more information.

コードは、列挙型またはコードリストで、SNOMED CTなどの非常に正式な定義まで、非常にカジュアルに定義できる。詳細については、HL7v3コア原則を参照のこと。

【JP-CORE】
・モダリティのコードを設定。<br/>
・Seriesの階層の(0008,0060)を集約する、または(0008,0060)　と　(0008, 0061) のOR。但し、重複する値は1つにまとめて表現。<br/>","","","","","","","","",,"extensible","Type of acquired data in the instance.","http://dicom.nema.org/medical/dicom/current/output/chtml/part16/sect_CID_29.html","",,,,"ImagingStudy.modality",0,*,"","ele-1:All FHIR elements must have a @value or children {hasValue() or (children().count() > id.count())}
",".code","(0008,0061)","FiveWs.class"
"ImagingStudy.subject","ImagingStudy.subject","","","",1,1,"","","Y","Reference {[]} {[CanonicalType[http://hl7.org/fhir/StructureDefinition/Patient], CanonicalType[http://hl7.org/fhir/StructureDefinition/Device], CanonicalType[http://hl7.org/fhir/StructureDefinition/Group]]}
","Who or what is the subject of the study　検査対象者","The subject, typically a patient, of the imaging study.

画像検査の対象、通常は患者。","QA phantoms can be recorded with a Device; multiple subjects (such as mice) can be recorded with a Group.

QAファントムはデバイスで記録できる。複数の被験者（マウスなど）をグループで記録できる。

【JP-CORE】
・患者(Patient)リソースを参照。<br/>
・DICOMタグ値を参照する場合は、tag mappingの通りグループ0010（患者情報に関連する情報を扱うグループ）を参照。<br/>
・不明患者は、空もしくは不明を指すPatientリソースを参照。<br/>","","","","","","","","",,,,,"",,,,"ImagingStudy.subject",1,1,"","ele-1:All FHIR elements must have a @value or children {hasValue() or (children().count() > id.count())}
","Event.subject",".participation[typeCode=SBJ].role","(0010/*)","FiveWs.subject[x]","FiveWs.subject"
"ImagingStudy.encounter","ImagingStudy.encounter","","","",0,1,"","","Y","Reference {[]} {[CanonicalType[http://hl7.org/fhir/StructureDefinition/Encounter]]}
","Encounter with which this imaging study is associated　この画像検査が関連しているエンカウンター","The healthcare event (e.g. a patient and healthcare provider interaction) during which this ImagingStudy is made.

このImagingStudyが行われるヘルスケアイベント（患者とヘルスケアプロバイダーの相互作用など）。","This will typically be the encounter the event occurred within, but some events may be initiated prior to or after the official completion of an encounter but still be tied to the context of the encounter (e.g. pre-admission test).

これは通常、イベントが発生したエンカウンターですが、一部のイベントは、エンカウンターの正式な完了の前または後に開始される場合があり、それでもそのエンカウンターのコンテキストに関連付けられています（例：入院前の検査）

【JP-CORE】
受付を示すEncounterリソースを参照。
（補足：訪問診療では医療者が患者と会った事を指す）","","","","","","","","",,,,,"",,,,"ImagingStudy.encounter",0,1,"","ele-1:All FHIR elements must have a @value or children {hasValue() or (children().count() > id.count())}
","Event.encounter","inboundRelationship[typeCode=COMP].source[classCode=ENC, moodCode=EVN]","FiveWs.context"
"ImagingStudy.started","ImagingStudy.started","","StudyDate
StudyTime","",0,1,"","","Y","dateTime {[]} {[]}
","When the study was started　スタディの開始時期","Date and time the study started.

スタディーの開始日時","【JP-CORE】
検査開始日時　もしくは　撮影装置へ患者情報が届いた/入力した日時。","","","","","","<valueDateTime xmlns=""http://hl7.org/fhir"" value=""2011-01-01T11:01:20+03:00""/>","","",,,,,"",,,,"ImagingStudy.started",0,1,"","ele-1:All FHIR elements must have a @value or children {hasValue() or (children().count() > id.count())}
","Event.occurrence[x]",".effectiveTime","(0008,0020)+(0008,0030)","FiveWs.init"
"ImagingStudy.basedOn","ImagingStudy.basedOn","","","",0,*,"","","Y","Reference {[]} {[CanonicalType[http://hl7.org/fhir/StructureDefinition/CarePlan], CanonicalType[http://hl7.org/fhir/StructureDefinition/ServiceRequest], CanonicalType[http://hl7.org/fhir/StructureDefinition/Appointment], CanonicalType[http://hl7.org/fhir/StructureDefinition/AppointmentResponse], CanonicalType[http://hl7.org/fhir/StructureDefinition/Task]]}
","Request fulfilled　実施された依頼","A list of the diagnostic requests that resulted in this imaging study being performed.

この画像検査の実施につながった診断依頼のリスト。","References SHALL be a reference to an actual FHIR resource, and SHALL be resolveable (allowing for access control, temporary unavailability, etc.). Resolution can be either by retrieval from the URL, or, where applicable by resource type, by treating an absolute reference as a canonical URL and looking it up in a local registry/repository.

参照は、実際のFHIRリソースへの参照である必要があり、内容に辿り着ける（解決できる）必要があります（アクセス制御、一時的な使用不可などを考慮に入れる）。解決は、URLから取得するか、リソースタイプによって該当する場合は、絶対参照を正規URLとして扱い、ローカルレジストリ/リポジトリで検索することによって行うことができる。

【JP-CORE】
依頼元のServiceRequestを紐付ける。","To support grouped procedures (one imaging study supporting multiple ordered procedures, e.g. chest/abdomen/pelvis CT).","","","","","","","",,,,,"",,,,"ImagingStudy.basedOn",0,*,"","ele-1:All FHIR elements must have a @value or children {hasValue() or (children().count() > id.count())}
","Event.basedOn",".outboundRelationship[typeCode=FLFS].target[classCode=DGIMG, moodCode=RQO]","(0032,1064)","FiveWs.cause"
"ImagingStudy.referrer","ImagingStudy.referrer","","ReferringPhysiciansName
","",0,1,"","","Y","Reference {[]} {[CanonicalType[http://hl7.org/fhir/StructureDefinition/Practitioner], CanonicalType[http://hl7.org/fhir/StructureDefinition/PractitionerRole]]}
","Referring physician　依頼紹介医師","The requesting/referring physician.

依頼紹介医師","References SHALL be a reference to an actual FHIR resource, and SHALL be resolveable (allowing for access control, temporary unavailability, etc.). Resolution can be either by retrieval from the URL, or, where applicable by resource type, by treating an absolute reference as a canonical URL and looking it up in a local registry/repository.

参照は、実際のFHIRリソースへの参照である必要があり、内容に辿り着ける（解決できる）必要があります（アクセス制御、一時的な使用不可などを考慮に入れる）。解決は、URLから取得するか、リソースタイプによって該当する場合は、絶対参照を正規URLとして扱い、ローカルレジストリ/リポジトリで検索することによって行うことができる。

【JP-CORE】
依頼医師。必須ではない（ServiceRequestから参照できるため）。","","","","","","","","",,,,,"",,,,"ImagingStudy.referrer",0,1,"","ele-1:All FHIR elements must have a @value or children {hasValue() or (children().count() > id.count())}
",".outboundRelationship[typeCode=FLFS].target[classCode=DGIMG, moodCode=RQO].participation[typeCode=AUT].role","(0008,0090)+(0008,0096)","FiveWs.cause"
"ImagingStudy.interpreter","ImagingStudy.interpreter","","Name of Physician(s) Reading Study
","",0,*,"","","Y","Reference {[]} {[CanonicalType[http://hl7.org/fhir/StructureDefinition/Practitioner], CanonicalType[http://hl7.org/fhir/StructureDefinition/PractitionerRole]]}
","Who interpreted images　画像の読影者","Who read the study and interpreted the images or other content.

画像の読影者","References SHALL be a reference to an actual FHIR resource, and SHALL be resolveable (allowing for access control, temporary unavailability, etc.). Resolution can be either by retrieval from the URL, or, where applicable by resource type, by treating an absolute reference as a canonical URL and looking it up in a local registry/repository.

参照は、実際のFHIRリソースへの参照である必要があり、内容に辿り着ける（解決できる）必要があります（アクセス制御、一時的な使用不可などを考慮に入れる）。解決は、URLから取得するか、リソースタイプによって該当する場合は、絶対参照を正規URLとして扱い、ローカルレジストリ/リポジトリで検索することによって行うことができる。

【JP-CORE】
読影医","","","","","","","","",,,,,"",,,,"ImagingStudy.interpreter",0,*,"","ele-1:All FHIR elements must have a @value or children {hasValue() or (children().count() > id.count())}
",".participation[typeCode=PRF].role","(0008,1060)","FiveWs.witness"
"ImagingStudy.endpoint","ImagingStudy.endpoint","","","",0,*,"","","Y","Reference {[]} {[CanonicalType[http://hl7.org/fhir/StructureDefinition/Endpoint]]}
","Study access endpoint　スタディーにアクセスするエンドポイント","The network service providing access (e.g., query, view, or retrieval) for the study. See implementation notes for information about using DICOM endpoints. A study-level endpoint applies to each series in the study, unless overridden by a series-level endpoint with the same Endpoint.connectionType.

スタディーへのアクセス（クエリ、表示、取得など）を提供するネットワークサービス。 DICOMエンドポイントの使用については、実装ノートを参照。スタディレベルのエンドポイントは、同じEndpoint.connectionType.cを持つシリーズレベルのエンドポイントによってオーバーライドされない限り、スタディの各シリーズに適用される。","Typical endpoint types include DICOM WADO-RS, which is used to retrieve DICOM instances in native or rendered (e.g., JPG, PNG), formats using a RESTful API; DICOM WADO-URI, which can similarly retrieve native or rendered instances, except using an HTTP query-based approach; DICOM QIDO-RS, which allows RESTful query for DICOM information without retrieving the actual instances; or IHE Invoke Image Display (IID), which provides standard invocation of an imaging web viewer.

典型的なエンドポイントタイプには、RESTful APIを使用してネイティブまたはレンダリング（JPG、PNGなど）形式でDICOMインスタンスを取得するために使用されるDICOMWADO-RSが含まれる。 DICOMWADO-URI。HTTPクエリベースのアプローチを使用することを除いて、ネイティブインスタンスまたはレンダリングされたインスタンスを同様に取得できる。 DICOM QIDO-RS。実際のインスタンスを取得せずに、DICOM情報のRESTfulクエリを可能にする。またはIHEInvoke Image Display（IID）。これは、イメージングWebビューアの標準的な呼び出しを提供する。

【JP-CORE】
DICOMのリソース位置を指定。基本的には1つ。","Access methods for viewing (e.g., IHE’s IID profile) or retrieving (e.g., DICOM’s WADO-URI and WADO-RS) the study or the study’s series or instances. The study-level baseLocation applies to each series in the study, unless overridden in series by a series-level baseLocation of the same type.","","","","","","","",,,,,"",,,,"ImagingStudy.endpoint",0,*,"","ele-1:All FHIR elements must have a @value or children {hasValue() or (children().count() > id.count())}
","Not supported"
"ImagingStudy.numberOfSeries","ImagingStudy.numberOfSeries","","NumberOfStudyRelatedSeries
","",0,1,"","","Y","unsignedInt {[]} {[]}
","Number of Study Related Series　スタディー関連のシリーズ数","Number of Series in the Study. This value given may be larger than the number of series elements this Resource contains due to resource availability, security, or other factors. This element should be present if any series elements are present.

調査のシリーズ数。指定されたこの値は、リソースの可用性、セキュリティ、またはその他の要因により、このリソースに含まれる一連の要素の数よりも大きい場合がある。系列要素が存在する場合、この要素が存在する必要がある。","32 bit number; for values larger than this, use decimal
32ビット数;これより大きい値の場合は、10進数を使用する。

【JP-CORE】
シリーズの数","","","","","","","","",,,,,"",,,,"ImagingStudy.numberOfSeries",0,1,"","ele-1:All FHIR elements must have a @value or children {hasValue() or (children().count() > id.count())}
",".outboundRelationship[typeCode=COMP, subsetCode=SUMM].target[classCode=OBSSER, moodCode=EVN].repeatNumber","(0020,1206)"
"ImagingStudy.numberOfInstances","ImagingStudy.numberOfInstances","","NumberOfStudyRelatedInstances
","",0,1,"","","Y","unsignedInt {[]} {[]}
","Number of Study Related Instances　スタディー関連のインスタンス数","Number of SOP Instances in Study. This value given may be larger than the number of instance elements this resource contains due to resource availability, security, or other factors. This element should be present if any instance elements are present.

スタディーの中のSOPインスタンスの数。指定されたこの値は、リソースの可用性、セキュリティ、またはその他の要因により、このリソースに含まれるインスタンス要素の数よりも大きい場合がある。インスタンス要素が存在する場合は、この要素が存在する必要がある。","32 bit number; for values larger than this, use decimal
32ビット数;これより大きい値の場合は、10進数を使用する。

【JP-CORE】
イメージ（インスタンス）の数。","","","","","","","","",,,,,"",,,,"ImagingStudy.numberOfInstances",0,1,"","ele-1:All FHIR elements must have a @value or children {hasValue() or (children().count() > id.count())}
",".outboundRelationship[typeCode=COMP, subsetCode=SUMM].target[classCode=DGIMG, moodCode=EVN].repeatNumber","(0020,1208)"
"ImagingStudy.procedureReference","ImagingStudy.procedureReference","","","",0,1,"","","Y","Reference {[]} {[CanonicalType[http://hl7.org/fhir/StructureDefinition/Procedure]]}
","The performed Procedure reference　実施されたProcedure への参照","The procedure which this ImagingStudy was part of.

このImagingStudyが含まれていたprocedure リソースへの参照。","References SHALL be a reference to an actual FHIR resource, and SHALL be resolveable (allowing for access control, temporary unavailability, etc.). Resolution can be either by retrieval from the URL, or, where applicable by resource type, by treating an absolute reference as a canonical URL and looking it up in a local registry/repository.

参照は、実際のFHIRリソースへの参照である必要があり、内容に辿り着ける（解決できる）必要があります（アクセス制御、一時的な使用不可などを考慮に入れる）。解決は、URLから取得するか、リソースタイプによって該当する場合は、絶対参照を正規URLとして扱い、ローカルレジストリ/リポジトリで検索することによって行うことができる。

【JP-CORE】
進捗状況に関するProcedureリソースを参照。","","","","","","","","",,,,,"",,,,"ImagingStudy.procedureReference",0,1,"","ele-1:All FHIR elements must have a @value or children {hasValue() or (children().count() > id.count())}
","Event.partOf",".outboundRelationship[typeCode=COMP].target[classCode=PROC, moodCode=EVN]","(0008,1032)"
"ImagingStudy.procedureCode","ImagingStudy.procedureCode","","ProcedureCodeSequence
","",0,*,"","","Y","CodeableConcept {[]} {[]}
","The performed procedure code　実施されたProcedureのコード","The code for the performed procedure type.

実施されたProcesureのタイプを表すコード。","Not all terminology uses fit this general pattern. In some cases, models should not use CodeableConcept and use Coding directly and provide their own structure for managing text, codings, translations and the relationship between elements and pre- and post-coordination.

すべてのターミノロジーの使用がこの一般的なパターンに適合するわけではない。場合によっては、モデルはCodeableConceptを使用せず、コーディングを直接使用して、テキスト、コーディング、翻訳、および要素間の関係と調整前後の関係を管理するための独自の構造を提供する必要がある。

【JP-CORE】
エラーコードなどを記載","","","","","","","","",,"extensible","The performed procedure type.","http://www.rsna.org/RadLex_Playbook.aspx","",,,,"ImagingStudy.procedureCode",0,*,"","ele-1:All FHIR elements must have a @value or children {hasValue() or (children().count() > id.count())}
","Event.code",".outboundRelationship[typeCode=COMP].target[classCode=PROC, moodCode=EVN]","(0008,1032)"
"ImagingStudy.location","ImagingStudy.location","","","",0,1,"","","Y","Reference {[]} {[CanonicalType[http://hl7.org/fhir/StructureDefinition/Location]]}
","Where ImagingStudy occurred　ImagingStudy が起こった場所","The principal physical location where the ImagingStudy was performed.

ImagingStudyが実行された主要な物理的な場所。","References SHALL be a reference to an actual FHIR resource, and SHALL be resolveable (allowing for access control, temporary unavailability, etc.). Resolution can be either by retrieval from the URL, or, where applicable by resource type, by treating an absolute reference as a canonical URL and looking it up in a local registry/repository.

参照は、実際のFHIRリソースへの参照である必要があり、内容に辿り着ける（解決できる）必要があります（アクセス制御、一時的な使用不可などを考慮に入れる）。解決は、URLから取得するか、リソースタイプによって該当する場合は、絶対参照を正規URLとして扱い、ローカルレジストリ/リポジトリで検索することによって行うことができる。

【JP-CORE】
撮影室を示すLocationリソースを参照。","Ties the event to where the records are likely kept and provides context around the event occurrence (e.g. if it occurred inside or outside a dedicated healthcare setting).","","","","","","","",,,,,"",,,,"ImagingStudy.location",0,1,"","ele-1:All FHIR elements must have a @value or children {hasValue() or (children().count() > id.count())}
","Event.location",".participation[typeCode=LOC].role","(0008,1040) | (0040,0243)","FiveWs.where[x]","EVN.7"
"ImagingStudy.reasonCode","ImagingStudy.reasonCode","","","",0,*,"","","Y","CodeableConcept {[]} {[]}
","Why the study was requested　スタディーが依頼された理由","Description of clinical condition indicating why the ImagingStudy was requested.

ImagingStudyが要求された理由を示す臨床状態の説明。","Not all terminology uses fit this general pattern. In some cases, models should not use CodeableConcept and use Coding directly and provide their own structure for managing text, codings, translations and the relationship between elements and pre- and post-coordination.

すべてのターミノロジーの使用がこの一般的なパターンに適合するわけではない。場合によっては、モデルはCodeableConceptを使用せず、コーディングを直接使用して、テキスト、コーディング、翻訳、および要素間の関係と調整前後の関係を管理するための独自の構造を提供する必要がある。

【JP-CORE】
未使用","","","","","","","","",,"example","The reason for the study.","http://hl7.org/fhir/ValueSet/procedure-reason","",,,,"ImagingStudy.reasonCode",0,*,"","ele-1:All FHIR elements must have a @value or children {hasValue() or (children().count() > id.count())}
","Event.reasonCode",".reasonCode","(0040,1002)","FiveWs.why[x]"
"ImagingStudy.reasonReference","ImagingStudy.reasonReference","","","",0,*,"","","Y","Reference {[]} {[CanonicalType[http://hl7.org/fhir/StructureDefinition/Condition], CanonicalType[http://hl7.org/fhir/StructureDefinition/Observation], CanonicalType[http://hl7.org/fhir/StructureDefinition/Media], CanonicalType[http://hl7.org/fhir/StructureDefinition/DiagnosticReport], CanonicalType[http://hl7.org/fhir/StructureDefinition/DocumentReference]]}
","Why was study performed　スタディーが実施された理由","Indicates another resource whose existence justifies this Study.

このスタディーを正当化する別のリソースを示す。","References SHALL be a reference to an actual FHIR resource, and SHALL be resolveable (allowing for access control, temporary unavailability, etc.). Resolution can be either by retrieval from the URL, or, where applicable by resource type, by treating an absolute reference as a canonical URL and looking it up in a local registry/repository.

参照は、実際のFHIRリソースへの参照である必要があり、内容に辿り着ける（解決できる）必要があります（アクセス制御、一時的な使用不可などを考慮に入れる）。解決は、URLから取得するか、リソースタイプによって該当する場合は、絶対参照を正規URLとして扱い、ローカルレジストリ/リポジトリで検索することによって行うことができる。

【JP-CORE】
実施理由が書かれたDiagnosticReportリソースを参照。","","","","","","","","",,,,,"",,,,"ImagingStudy.reasonReference",0,*,"","ele-1:All FHIR elements must have a @value or children {hasValue() or (children().count() > id.count())}
","Event.reasonReference",".outboundRelationship[typeCode=RSON].target","FiveWs.why[x]","EVN.4 or by domain"
"ImagingStudy.note","ImagingStudy.note","","","",0,*,"","","Y","Annotation {[]} {[]}
","User-defined comments　ユーザが定義したコメント","Per the recommended DICOM mapping, this element is derived from the Study Description attribute (0008,1030). Observations or findings about the imaging study should be recorded in another resource, e.g. Observation, and not in this element.

推奨されるDICOMマッピングによると、この要素はスタディの説明属性（0008,1030）から派生している。画像検査に関する観察または所見は、この要素に記述するのではなく、Observationのような別のリソースに記録する必要がある。","For systems that do not have structured annotations, they can simply communicate a single annotation with no author or time.  This element may need to be included in narrative because of the potential for modifying information.  *Annotations SHOULD NOT* be used to communicate ""modifying"" information that could be computable. (This is a SHOULD because enforcing user behavior is nearly impossible).

構造化された注釈（アノテーション）を持たないシステムの場合、作成者や時間なしで単一の注釈を簡単に伝達できる。情報を変更する可能性があるため、この要素をナラティブに含める必要がある場合があります。 
*注釈は、計算機処理れきる「変更」情報を伝達するために使用されるべきではない*。 （ユーザーの行動を強制することはほとんど不可能であるため、これはSHOULDです）。

【JP-CORE】
コメント（Annotation型による記述）","","","","","","","","",,,,,"",,,,"ImagingStudy.note",0,*,"","ele-1:All FHIR elements must have a @value or children {hasValue() or (children().count() > id.count())}
","Event.note","unknown"
"ImagingStudy.description","ImagingStudy.description","","StudyDescription
","",0,1,"","","Y","string {[]} {[]}
","Institution-generated description　機関生成の記述","The Imaging Manager description of the study. Institution-generated description or classification of the Study (component) performed.

スタディーのイメージングマネージャーの説明。実施されたスタディー（コンポーネント）の機関生成の説明または分類。","Note that FHIR strings SHALL NOT exceed 1MB in size

FHIR文字列のサイズは1MBを超えてはならないことに注意。

【JP-CORE】
検査に関するフリーコメント。","","","","","","","","",,,,,"",,,,"ImagingStudy.description",0,1,"","ele-1:All FHIR elements must have a @value or children {hasValue() or (children().count() > id.count())}
",".text","(0008,1030)"
"ImagingStudy.series","ImagingStudy.series","","","",0,*,"","","Y","BackboneElement {[]} {[]}
","Each study has one or more series of instances　個々のスタディーはインスタンスの１以上のシリーズを有する。","Each study has one or more series of images or other content.

個々のスタディーは画像か他の内容の１以上のシリーズを有する。","【JP-CORE】
シリーズ（大まかな画像のグループ）","","","","","","","","",,,,,"",,,,"ImagingStudy.series",0,*,"","ele-1:All FHIR elements must have a @value or children {hasValue() or (children().count() > id.count())}
",".outboundRelationship[typeCode=COMP].target[classCode=OBSSER, moodCode=EVN]"
"ImagingStudy.series.id","ImagingStudy.series.id","","","",0,1,"","","","string {[]} {[]}
","Unique id for inter-element referencing","Unique id for the element within a resource (for internal references). This may be any string value that does not contain spaces.","","","","","","","","","",,,,,"",,,,"Element.id",0,1,"","","n/a"
"ImagingStudy.series.extension","ImagingStudy.series.extension","","extensions
user content","",0,*,"","","","Extension {[]} {[]}
","Additional content defined by implementations","May be used to represent additional information that is not part of the basic definition of the element. To make the use of extensions safe and manageable, there is a strict set of governance  applied to the definition and use of extensions. Though any implementer can define an extension, there is a set of requirements that SHALL be met as part of the definition of the extension.","There can be no stigma associated with the use of extensions by any application, project, or standard - regardless of the institution or jurisdiction that uses or defines the extensions.  The use of extensions is what allows the FHIR specification to retain a core level of simplicity for everyone.","","","","","","","","",,,,,"",,,,"Element.extension",0,*,"","ele-1:All FHIR elements must have a @value or children {hasValue() or (children().count() > id.count())}
ext-1:Must have either extensions or value[x], not both {extension.exists() != value.exists()}","n/a"
"ImagingStudy.series.modifierExtension","ImagingStudy.series.modifierExtension","","extensions
user contentmodifiers","",0,*,"","Y","Y","Extension {[]} {[]}
","Extensions that cannot be ignored even if unrecognized","May be used to represent additional information that is not part of the basic definition of the element and that modifies the understanding of the element in which it is contained and/or the understanding of the containing element's descendants. Usually modifier elements provide negation or qualification. To make the use of extensions safe and manageable, there is a strict set of governance applied to the definition and use of extensions. Though any implementer can define an extension, there is a set of requirements that SHALL be met as part of the definition of the extension. Applications processing a resource are required to check for modifier extensions.

Modifier extensions SHALL NOT change the meaning of any elements on Resource or DomainResource (including cannot change the meaning of modifierExtension itself).","There can be no stigma associated with the use of extensions by any application, project, or standard - regardless of the institution or jurisdiction that uses or defines the extensions.  The use of extensions is what allows the FHIR specification to retain a core level of simplicity for everyone.","Modifier extensions allow for extensions that *cannot* be safely ignored to be clearly distinguished from the vast majority of extensions which can be safely ignored.  This promotes interoperability by eliminating the need for implementers to prohibit the presence of extensions. For further information, see the [definition of modifier extensions](http://hl7.org/fhir/R4/extensibility.html#modifierExtension).","","","","","","","",,,,,"",,,,"BackboneElement.modifierExtension",0,*,"","ele-1:All FHIR elements must have a @value or children {hasValue() or (children().count() > id.count())}
ext-1:Must have either extensions or value[x], not both {extension.exists() != value.exists()}","N/A"
"ImagingStudy.series.uid","ImagingStudy.series.uid","","SeriesInstanceUID
","",1,1,"","","Y","id {[]} {[]}
","DICOM Series Instance UID for the series　そのシリーズにrタイするDICOMシリーズインスタンスUID","The DICOM Series Instance UID for the series.

そのシリーズにrタイするDICOMシリーズインスタンスUID","See [DICOM PS3.3 C.7.3](http://dicom.nema.org/medical/dicom/current/output/chtml/part03/sect_C.7.3.html).
[DICOM PS3.3 C.7.3]（http://dicom.nema.org/medical/dicom/current/output/chtml/part03/sect_C.7.3.html）を参照。

【JP-CORE】
study階層のidentifierと同じ概念。(0020,000E)にseries固有のUIDが付与される。","DICOM Series Instance UID.","","","","","<valueId xmlns=""http://hl7.org/fhir"" value=""2.16.124.113543.6003.2588828330.45298.17418.2723805630""/>","","",,,,,"",,,,"ImagingStudy.series.uid",1,1,"","ele-1:All FHIR elements must have a @value or children {hasValue() or (children().count() > id.count())}
",".id","(0020,000E)"
"ImagingStudy.series.number","ImagingStudy.series.number","","SeriesNumber
","",0,1,"","","Y","unsignedInt {[]} {[]}
","Numeric identifier of this series　このシリーズの数値型識別子","The numeric identifier of this series in the study.

このシリーズの数値型識別子","32 bit number; for values larger than this, use decimal
32ビット数;これより大きい値の場合は、10進数を使用する。

【JP-CORE】
上記UIDとは別に、ユーザー（または装置）が自由に決められる番号。","","","","","","<valueUnsignedInt xmlns=""http://hl7.org/fhir"" value=""3""/>","","",,,,,"",,,,"ImagingStudy.series.number",0,1,"","ele-1:All FHIR elements must have a @value or children {hasValue() or (children().count() > id.count())}
",".inboundRelationship[type=COMP, source[classCode=COMPOSITION, moodCode=EVN]].sequenceNumber","(0020,0011)"
"ImagingStudy.series.modality","ImagingStudy.series.modality","","Modality
","",1,1,"","","Y","Coding {[]} {[]}
","The modality of the instances in the series　シリーズにおけるインスタンスのモダリティー","The modality of this series sequence.

シリーズシーケンスのモダリティー","Codes may be defined very casually in enumerations or code lists, up to very formal definitions such as SNOMED CT - see the HL7 v3 Core Principles for more information.

コードは、列挙型またはコードリストで、SNOMED CTなどの非常に正式な定義まで、非常に柔軟に定義できる。詳細については、HL7v3コア原則を参照。

【JP-CORE】
当該シリーズのモダリティコード。1シリーズ1モダリティ（1つのシリーズの中に複数のモダリティが混在することはない）。
<br/>
（参照先）<br/>
ftp://medical.nema.org/medical/dicom/resources/valuesets/fhir/json/CID_29.json<br/>
http://dicom.nema.org/medical/dicom/current/output/chtml/part16/sect_CID_29.html","","","","","","","","",,"extensible","Type of acquired data in the instance.","http://dicom.nema.org/medical/dicom/current/output/chtml/part16/sect_CID_29.html","",,,,"ImagingStudy.series.modality",1,1,"","ele-1:All FHIR elements must have a @value or children {hasValue() or (children().count() > id.count())}
",".code","(0008,0060)"
"ImagingStudy.series.description","ImagingStudy.series.description","","SeriesDescription
","",0,1,"","","Y","string {[]} {[]}
","A short human readable summary of the series　シリーズの人間可読な短い要約記述","A description of the series.

シリーズの記述。","Note that FHIR strings SHALL NOT exceed 1MB in size

FHIR文字列のサイズは1MBを超えてはならないことに注意。

【JP-CORE】
シリーズごとにつけられるフリーコメント。","","","","","","<valueString xmlns=""http://hl7.org/fhir"" value=""CT Surview 180""/>","","",,,,,"",,,,"ImagingStudy.series.description",0,1,"","ele-1:All FHIR elements must have a @value or children {hasValue() or (children().count() > id.count())}
",".text","(0008,103E)"
"ImagingStudy.series.numberOfInstances","ImagingStudy.series.numberOfInstances","","NumberOfSeriesRelatedInstances
","",0,1,"","","Y","unsignedInt {[]} {[]}
","Number of Series Related Instances","Number of SOP Instances in the Study. The value given may be larger than the number of instance elements this resource contains due to resource availability, security, or other factors. This element should be present if any instance elements are present.

スタディーの中のSOPインスタンスの数。指定されたこの値は、リソースの可用性、セキュリティ、またはその他の要因により、このリソースに含まれるインスタンス要素の数よりも大きい場合がある。インスタンス要素が存在する場合は、この要素が存在する必要がある。","32 bit number; for values larger than this, use decimal

32ビット数;これより大きい値の場合は、10進数を使用する。

【JP-CORE】
シリーズに含まれる画像枚数","","","","","","","","",,,,,"",,,,"ImagingStudy.series.numberOfInstances",0,1,"","ele-1:All FHIR elements must have a @value or children {hasValue() or (children().count() > id.count())}
",".outboundRelationship[typeCode=COMP, subsetCode=SUMM].target[classCode=DGIMG, moodCode=EVN].repeatNumber","(0020,1209)"
"ImagingStudy.series.endpoint","ImagingStudy.series.endpoint","","","",0,*,"","","Y","Reference {[]} {[CanonicalType[http://hl7.org/fhir/StructureDefinition/Endpoint]]}
","Series access endpoint　シリーズにアクセスするエンドポイント","The network service providing access (e.g., query, view, or retrieval) for this series. See implementation notes for information about using DICOM endpoints. A series-level endpoint, if present, has precedence over a study-level endpoint with the same Endpoint.connectionType.

シリーズへのアクセス（クエリ、表示、取得など）を提供するネットワークサービス。 DICOMエンドポイントの使用については、実装ノートを参照。シリーズレベルのエンドポイントは、同じEndpoint.connectionType.cを持つシリーズレベルのエンドポイントによってオーバーライドされない限り、スタディの各シリーズに適用される。","Typical endpoint types include DICOM WADO-RS, which is used to retrieve DICOM instances in native or rendered (e.g., JPG, PNG) formats using a RESTful API; DICOM WADO-URI, which can similarly retrieve native or rendered instances, except using an HTTP query-based approach; and DICOM QIDO-RS, which allows RESTful query for DICOM information without retrieving the actual instances.

典型的なエンドポイントタイプには、RESTful APIを使用してネイティブまたはレンダリング（JPG、PNGなど）形式でDICOMインスタンスを取得するために使用されるDICOMWADO-RSが含まれる。 DICOMWADO-URI。HTTPクエリベースのアプローチを使用することを除いて、ネイティブインスタンスまたはレンダリングされたインスタンスを同様に取得できる。 DICOM QIDO-RSは、実際のインスタンスを取得せずにDICOM情報のRESTfulクエリを可能にする。

【JP-CORE】
study階層のendpointと同じ。DICOMのリソース位置を指定。基本的には1つ。","Access methods for retrieving (e.g., DICOM’s WADO-URI and WADO-RS) the series or the series’ instances. A baseLocation specified at the series level has precedence over a baseLocation of the same type specified at the study level.","","","","","","","",,,,,"",,,,"ImagingStudy.series.endpoint",0,*,"","ele-1:All FHIR elements must have a @value or children {hasValue() or (children().count() > id.count())}
","Not supported"
"ImagingStudy.series.bodySite","ImagingStudy.series.bodySite","","BodyPartExamined
","",0,1,"","","Y","Coding {[]} {[]}
","Body part examined　検査した人体部位","The anatomic structures examined. See DICOM Part 16 Annex L (http://dicom.nema.org/medical/dicom/current/output/chtml/part16/chapter_L.html) for DICOM to SNOMED-CT mappings. The bodySite may indicate the laterality of body part imaged; if so, it shall be consistent with any content of ImagingStudy.series.laterality.

検査対象の解剖学的構造。 DICOMからSNOMED-CTへのマッピングについては、DICOM Part 16 Annex L（http://dicom.nema.org/medical/dicom/current/output/chtml/part16/chapter_L.html）を参照。
bodySiteは、画像化された身体部分の左右差を示している場合がある。その場合、ImagingStudy.series.lateralityのコンテンツと一致している必要がある。","Codes may be defined very casually in enumerations or code lists, up to very formal definitions such as SNOMED CT - see the HL7 v3 Core Principles for more information.

コードは、列挙型またはコードリストで、SNOMED CTなどの非常に正式な定義まで、非常に柔軟に定義できる。詳細については、HL7v3コア原則を参照。

【JP-CORE】
どの部位の検査なのかを示す。フリーではなく、DICOM定義書の中で示される語句しか使えない。","","","","","","","","",,"example","Codes describing anatomical locations. May include laterality.","http://hl7.org/fhir/ValueSet/body-site","",,,,"ImagingStudy.series.bodySite",0,1,"","ele-1:All FHIR elements must have a @value or children {hasValue() or (children().count() > id.count())}
",".targetSiteCode","(0018,0015)"
"ImagingStudy.series.laterality","ImagingStudy.series.laterality","","","",0,1,"","","Y","Coding {[]} {[]}
","Body part laterality　人体部位の左右識別","The laterality of the (possibly paired) anatomic structures examined. E.g., the left knee, both lungs, or unpaired abdomen. If present, shall be consistent with any laterality information indicated in ImagingStudy.series.bodySite.

検査した（おそらく対になっている）解剖学的構造の左右識別。
例：左膝、両方の肺、または対になっていない腹部。存在する場合は、ImagingStudy.series.bodySiteに示されている左右差情報と一致している必要がある。","Codes may be defined very casually in enumerations or code lists, up to very formal definitions such as SNOMED CT - see the HL7 v3 Core Principles for more information.

コードは、列挙型またはコードリストで、SNOMED CTなどの非常に正式な定義まで、非常に柔軟に定義できる。詳細については、HL7v3コア原則を参照。

【JP-CORE】
左右などを示す。フリーではなく、DICOM定義書の中で示される語句しか使えない。","","","","","","","","",,"example","Codes describing body site laterality (left, right, etc.).","http://hl7.org/fhir/ValueSet/bodysite-laterality","",,,,"ImagingStudy.series.laterality",0,1,"","ele-1:All FHIR elements must have a @value or children {hasValue() or (children().count() > id.count())}
",".targetSiteCode","(0020,0060)"
"ImagingStudy.series.specimen","ImagingStudy.series.specimen","","","",0,*,"","","Y","Reference {[]} {[CanonicalType[http://hl7.org/fhir/StructureDefinition/Specimen]]}
","Specimen imaged　画像検査をした検体","The specimen imaged, e.g., for whole slide imaging of a biopsy.

例えば、生検のスライド全体の画像化のために画像化された標本。","References SHALL be a reference to an actual FHIR resource, and SHALL be resolveable (allowing for access control, temporary unavailability, etc.). Resolution can be either by retrieval from the URL, or, where applicable by resource type, by treating an absolute reference as a canonical URL and looking it up in a local registry/repository.

参照は、実際のFHIRリソースへの参照である必要があり、内容に辿り着ける（解決できる）必要があります（アクセス制御、一時的な使用不可などを考慮に入れる）。解決は、URLから取得するか、リソースタイプによって該当する場合は、絶対参照を正規URLとして扱い、ローカルレジストリ/リポジトリで検索することによって行うことができる。

【JP-CORE】
病理検体などを管理するための番号。
<br/>
【議論】<br/>
UIDは別のtagが存在するので、ユーザー側で自由に付与していい番号と思われる。","","","","","","","","",,,,,"",,,,"ImagingStudy.series.specimen",0,*,"","ele-1:All FHIR elements must have a @value or children {hasValue() or (children().count() > id.count())}
","Role[classCode=SPEC]","(0040,0551) + (0040,0562)"
"ImagingStudy.series.started","ImagingStudy.series.started","","","",0,1,"","","Y","dateTime {[]} {[]}
","When the series started　シリーズの開始時期","The date and time the series was started.

シリーズの開始日付、日時。","【JP-CORE】
シリーズ単位での開始時刻。最初にシリーズを取得 or 定義した時刻。","","","","","","","","",,,,,"",,,,"ImagingStudy.series.started",0,1,"","ele-1:All FHIR elements must have a @value or children {hasValue() or (children().count() > id.count())}
",".effectiveTime","(0008,0021) + (0008,0031)"
"ImagingStudy.series.performer","ImagingStudy.series.performer","","PerformingPhysicianName
OperatorName","",0,*,"","","Y","BackboneElement {[]} {[]}
","Who performed the series　シリーズの実施者","Indicates who or what performed the series and how they were involved.

シリーズを実施し、かかわった人を示す。","If the person who performed the series is not known, their Organization may be recorded. A patient, or related person, may be the performer, e.g. for patient-captured images.

シリーズを行った人がわからない場合は、その組織が記録される場合がある。患者または関係者は、患者自身で取得した画像の場合など、パフォーマーである可能性がある。

【JP-CORE】
検査を実施した（画像を取得する操作を行った）人。<br/>
　　(0008,1050)Performing Physician's Name<br/>
　　(0008,1052)Performing Physician Identification Sequence<br/>
　　(0008,1070)Operators' Name<br/>
　　(0008,1072)Operator Identification Sequence<br/>","The performer is recorded at the series level, since each series in a study may be performed by a different performer, at different times, and using different devices. A series may be performed by multiple performers.","","","","","","","",,,,,"",,,,"ImagingStudy.series.performer",0,*,"","ele-1:All FHIR elements must have a @value or children {hasValue() or (children().count() > id.count())}
","Event.performer",".participation[typeCode=PRF].role","(0008, 1050) | (0008, 1052) | (0008, 1070) | (0008, 1072)"
"ImagingStudy.series.performer.id","ImagingStudy.series.performer.id","","","",0,1,"","","","string {[]} {[]}
","Unique id for inter-element referencing","Unique id for the element within a resource (for internal references). This may be any string value that does not contain spaces.","","","","","","","","","",,,,,"",,,,"Element.id",0,1,"","","n/a"
"ImagingStudy.series.performer.extension","ImagingStudy.series.performer.extension","","extensions
user content","",0,*,"","","","Extension {[]} {[]}
","Additional content defined by implementations","May be used to represent additional information that is not part of the basic definition of the element. To make the use of extensions safe and manageable, there is a strict set of governance  applied to the definition and use of extensions. Though any implementer can define an extension, there is a set of requirements that SHALL be met as part of the definition of the extension.","There can be no stigma associated with the use of extensions by any application, project, or standard - regardless of the institution or jurisdiction that uses or defines the extensions.  The use of extensions is what allows the FHIR specification to retain a core level of simplicity for everyone.","","","","","","","","",,,,,"",,,,"Element.extension",0,*,"","ele-1:All FHIR elements must have a @value or children {hasValue() or (children().count() > id.count())}
ext-1:Must have either extensions or value[x], not both {extension.exists() != value.exists()}","n/a"
"ImagingStudy.series.performer.modifierExtension","ImagingStudy.series.performer.modifierExtension","","extensions
user contentmodifiers","",0,*,"","Y","Y","Extension {[]} {[]}
","Extensions that cannot be ignored even if unrecognized","May be used to represent additional information that is not part of the basic definition of the element and that modifies the understanding of the element in which it is contained and/or the understanding of the containing element's descendants. Usually modifier elements provide negation or qualification. To make the use of extensions safe and manageable, there is a strict set of governance applied to the definition and use of extensions. Though any implementer can define an extension, there is a set of requirements that SHALL be met as part of the definition of the extension. Applications processing a resource are required to check for modifier extensions.

Modifier extensions SHALL NOT change the meaning of any elements on Resource or DomainResource (including cannot change the meaning of modifierExtension itself).","There can be no stigma associated with the use of extensions by any application, project, or standard - regardless of the institution or jurisdiction that uses or defines the extensions.  The use of extensions is what allows the FHIR specification to retain a core level of simplicity for everyone.","Modifier extensions allow for extensions that *cannot* be safely ignored to be clearly distinguished from the vast majority of extensions which can be safely ignored.  This promotes interoperability by eliminating the need for implementers to prohibit the presence of extensions. For further information, see the [definition of modifier extensions](http://hl7.org/fhir/R4/extensibility.html#modifierExtension).","","","","","","","",,,,,"",,,,"BackboneElement.modifierExtension",0,*,"","ele-1:All FHIR elements must have a @value or children {hasValue() or (children().count() > id.count())}
ext-1:Must have either extensions or value[x], not both {extension.exists() != value.exists()}","N/A"
"ImagingStudy.series.performer.function","ImagingStudy.series.performer.function","","","",0,1,"","","Y","CodeableConcept {[]} {[]}
","Type of performance","Distinguishes the type of involvement of the performer in the series.","","Allows disambiguation of the types of involvement of different performers.","","","","","","","",,"extensible","The type of involvement of the performer.","http://hl7.org/fhir/ValueSet/series-performer-function","",,,,"ImagingStudy.series.performer.function",0,1,"","ele-1:All FHIR elements must have a @value or children {hasValue() or (children().count() > id.count())}
",".participation[typeCode=PRF].role"
"ImagingStudy.series.performer.actor","ImagingStudy.series.performer.actor","","","",1,1,"","","Y","Reference {[]} {[CanonicalType[http://hl7.org/fhir/StructureDefinition/Practitioner], CanonicalType[http://hl7.org/fhir/StructureDefinition/PractitionerRole], CanonicalType[http://hl7.org/fhir/StructureDefinition/Organization], CanonicalType[http://hl7.org/fhir/StructureDefinition/CareTeam], CanonicalType[http://hl7.org/fhir/StructureDefinition/Patient], CanonicalType[http://hl7.org/fhir/StructureDefinition/Device], CanonicalType[http://hl7.org/fhir/StructureDefinition/RelatedPerson]]}
","Who performed the series","Indicates who or what performed the series.","References SHALL be a reference to an actual FHIR resource, and SHALL be resolveable (allowing for access control, temporary unavailability, etc.). Resolution can be either by retrieval from the URL, or, where applicable by resource type, by treating an absolute reference as a canonical URL and looking it up in a local registry/repository.

<br/><br/>
【JP仕様】<br/>
組織または撮影者","","","","","","","","",,,,,"",,,,"ImagingStudy.series.performer.actor",1,1,"","ele-1:All FHIR elements must have a @value or children {hasValue() or (children().count() > id.count())}
",".participation[typeCode=PRF].role[scoper.determinerCode=INSTANCE]","FiveWs.actor","EVN.5 or by domain"
"ImagingStudy.series.instance","ImagingStudy.series.instance","","","",0,*,"","","","BackboneElement {[]} {[]}
","A single SOP instance from the series　シリーズからの単一SOPインスタンス","A single SOP instance within the series, e.g. an image, or presentation state.

ひとつの画像、またはプレゼンテーションの状態など、シリーズ内の単一のSOPインスタンス。","【JP-CORE】
インスタンス（画像）単位の情報","","","","","","","","",,,,,"",,,,"ImagingStudy.series.instance",0,*,"","ele-1:All FHIR elements must have a @value or children {hasValue() or (children().count() > id.count())}
",".outboundRelationship[typeCode=COMP].target[classCode=DGIMG, moodCode=EVN]"
"ImagingStudy.series.instance.id","ImagingStudy.series.instance.id","","","",0,1,"","","","string {[]} {[]}
","Unique id for inter-element referencing","Unique id for the element within a resource (for internal references). This may be any string value that does not contain spaces.","","","","","","","","","",,,,,"",,,,"Element.id",0,1,"","","n/a"
"ImagingStudy.series.instance.extension","ImagingStudy.series.instance.extension","","extensions
user content","",0,*,"","","","Extension {[]} {[]}
","Additional content defined by implementations","May be used to represent additional information that is not part of the basic definition of the element. To make the use of extensions safe and manageable, there is a strict set of governance  applied to the definition and use of extensions. Though any implementer can define an extension, there is a set of requirements that SHALL be met as part of the definition of the extension.","There can be no stigma associated with the use of extensions by any application, project, or standard - regardless of the institution or jurisdiction that uses or defines the extensions.  The use of extensions is what allows the FHIR specification to retain a core level of simplicity for everyone.","","","","","","","","",,,,,"",,,,"Element.extension",0,*,"","ele-1:All FHIR elements must have a @value or children {hasValue() or (children().count() > id.count())}
ext-1:Must have either extensions or value[x], not both {extension.exists() != value.exists()}","n/a"
"ImagingStudy.series.instance.modifierExtension","ImagingStudy.series.instance.modifierExtension","","extensions
user contentmodifiers","",0,*,"","Y","Y","Extension {[]} {[]}
","Extensions that cannot be ignored even if unrecognized","May be used to represent additional information that is not part of the basic definition of the element and that modifies the understanding of the element in which it is contained and/or the understanding of the containing element's descendants. Usually modifier elements provide negation or qualification. To make the use of extensions safe and manageable, there is a strict set of governance applied to the definition and use of extensions. Though any implementer can define an extension, there is a set of requirements that SHALL be met as part of the definition of the extension. Applications processing a resource are required to check for modifier extensions.

Modifier extensions SHALL NOT change the meaning of any elements on Resource or DomainResource (including cannot change the meaning of modifierExtension itself).","There can be no stigma associated with the use of extensions by any application, project, or standard - regardless of the institution or jurisdiction that uses or defines the extensions.  The use of extensions is what allows the FHIR specification to retain a core level of simplicity for everyone.","Modifier extensions allow for extensions that *cannot* be safely ignored to be clearly distinguished from the vast majority of extensions which can be safely ignored.  This promotes interoperability by eliminating the need for implementers to prohibit the presence of extensions. For further information, see the [definition of modifier extensions](http://hl7.org/fhir/R4/extensibility.html#modifierExtension).","","","","","","","",,,,,"",,,,"BackboneElement.modifierExtension",0,*,"","ele-1:All FHIR elements must have a @value or children {hasValue() or (children().count() > id.count())}
ext-1:Must have either extensions or value[x], not both {extension.exists() != value.exists()}","N/A"
"ImagingStudy.series.instance.uid","ImagingStudy.series.instance.uid","","SOPInstanceUID
","",1,1,"","","","id {[]} {[]}
","DICOM SOP Instance UID","The DICOM SOP Instance UID for this image or other DICOM content.","See  [DICOM PS3.3 C.12.1](http://dicom.nema.org/medical/dicom/current/output/chtml/part03/sect_C.12.html#sect_C.12.1).

<br/><br/>
【JP仕様】<br/>
画像のユニークID。DICOMタグマッピングにある値をそのまま設定。","DICOM SOP Instance UID.","","","","","<valueId xmlns=""http://hl7.org/fhir"" value=""2.16.124.113543.6003.189642796.63084.16748.2599092903""/>","","",,,,,"",,,,"ImagingStudy.series.instance.uid",1,1,"","ele-1:All FHIR elements must have a @value or children {hasValue() or (children().count() > id.count())}
",".id","(0008,0018)"
"ImagingStudy.series.instance.sopClass","ImagingStudy.series.instance.sopClass","","SOPClassUID
","",1,1,"","","","Coding {[]} {[]}
","DICOM class type","DICOM instance  type.","Codes may be defined very casually in enumerations or code lists, up to very formal definitions such as SNOMED CT - see the HL7 v3 Core Principles for more information.

<br/><br/>
【JP仕様】<br/>
SOPクラスUID。DICOMタグマッピングにある値をそのまま設定。","","","","","","","","",,"extensible","The sopClass for the instance.","http://dicom.nema.org/medical/dicom/current/output/chtml/part04/sect_B.5.html#table_B.5-1","",,,,"ImagingStudy.series.instance.sopClass",1,1,"","ele-1:All FHIR elements must have a @value or children {hasValue() or (children().count() > id.count())}
",".inboundRelationship[typeCode=COMP]. source[classCode=OBS, moodCode=EVN, code=""sop class""].value","(0008,0016)"
"ImagingStudy.series.instance.number","ImagingStudy.series.instance.number","","InstanceNumber
","",0,1,"","","","unsignedInt {[]} {[]}
","The number of this instance in the series","The number of instance in the series.","32 bit number; for values larger than this, use decimal

<br/><br/>
【JP仕様】<br/>
ユーザー（または装置）が自由に決められる画像ごとの番号。DICOMタグマッピングにある値をそのまま設定。","","","","","","<valueUnsignedInt xmlns=""http://hl7.org/fhir"" value=""1""/>","","",,,,,"",,,,"ImagingStudy.series.instance.number",0,1,"","ele-1:All FHIR elements must have a @value or children {hasValue() or (children().count() > id.count())}
",".inboundRelationship[typeCode=COMP, source[classCode=OBSSER, moodCode=EVN]].sequenceNumber","(0020,0013)"
"ImagingStudy.series.instance.title","ImagingStudy.series.instance.title","","","",0,1,"","","","string {[]} {[]}
","Description of instance　インスタンスの記述","The description of the instance.
インスタンスの記述","Particularly for post-acquisition analytic objects, such as SR, presentation states, value mapping, etc.

<br/><br/>
【JP仕様】<br/>
画像に対する説明。DICOMタグマッピングにある値があれば、そのまま設定<br/>
　　(0008,0008)Image Type<br/>
　　(0040,A043)Concept Name Code Sequence<br/>
　　(0008,0104)Code Meaning<br/>
　　(0042,0010)Document Title","","","","","","","","",,,,,"",,,,"ImagingStudy.series.instance.title",0,1,"","ele-1:All FHIR elements must have a @value or children {hasValue() or (children().count() > id.count())}
",".title","(0008,0008) | (0007,0080) | (0040,A043) + (0008,0104) | (0042,0010)"
