<?xml version="1.0" encoding="UTF-8"?>

<CodeSystem xmlns="http://hl7.org/fhir">
  <id value="jp-core-work-codesystem-ProcedureCodes"/>
  <text>
    <status value="generated"/><div xmlns="http://www.w3.org/1999/xhtml"><p>This code system https://hl7fhir.jp/fhir/ImplementationGuide/jp-core-work-codesystem-ProcedureCodes defines the following codes:</p><table class="codes"><tr><td style="white-space:nowrap"><b>Code</b></td></tr></table></div>
  </text>
  <url value="https://hl7fhir.jp/fhir/ImplementationGuide/jp-core-work-codesystem-ProcedureCodes"/>
  <version value="1.1.0a"/>
  <name value="ProcedureCodes"/>
  <title value="Procedureコード"/>
  <status value="draft"/>
  <date value="2022-03-18T02:18:06+00:00"/>
  <publisher value="FHIR Japanese implementation research working group in Japan Association of Medical Informatics (JAMI)"/>
  <contact>
    <name value="FHIR Japanese implementation research working group in Japan Association of Medical Informatics (JAMI)"/>
    <telecom>
      <system value="url"/>
      <value value="http://jpfhir.jp"/>
    </telecom>
    <telecom>
      <system value="email"/>
      <value value="office@hlfhir.jp"/>
    </telecom>
  </contact>
  <jurisdiction>
    <coding>
      <system value="urn:iso:std:iso:3166"/>
      <code value="JP"/>
    </coding>
  </jurisdiction>
  <copyright value="FHIR Japanese implementation research working group in Japan Association of Medical Informatics (JAMI)"/>
  <content value="complete"/>
</CodeSystem>