<?xml version="1.0" encoding="UTF-8"?><SearchParameter xmlns="http://hl7.org/fhir"><id value="jp-medicationadministration-effectivedatetime-sp"/><url value="http://jpfhir.jp/fhir/core/SearchParameter/jp-medicationadministration-effectivedatetime-sp"/><version value="1.1.0a"/><name value="JPMedicationAdministrationEffectiveDatetimeSP"/><status value="draft"/><date value="2022-03-16"/><publisher value="FHIR Japanese implementation research working group in Japan Association of Medical Informatics (JAMI)"/><contact><name value="FHIR Japanese implementation research working group in Japan Association of Medical Informatics (JAMI)"/><telecom><system value="url"/><value value="http://jpfhir.jp"/></telecom><telecom><system value="email"/><value value="office@hlfhir.jp"/></telecom></contact><description value="MedicationAdministrationのEffectiveDatetime(投与実施日時)に関する検索を定義します。"/><jurisdiction><coding><system value="urn:iso:std:iso:3166"/><code value="JP"/></coding></jurisdiction><code value="EffectiveDatetime"/><base value="MedicationAdministration"/><type value="date"/><expression value="MedicationAdministration.effective.EffectiveDatetime"/><xpath value="f:MedicationAdministration/f:effective/f:EffectiveDatetime"/><xpathUsage value="normal"/><multipleOr value="true"><extension url="http://hl7.org/fhir/StructureDefinition/capabilitystatement-expectation"><valueCode value="MAY"/></extension></multipleOr><multipleAnd value="true"><extension url="http://hl7.org/fhir/StructureDefinition/capabilitystatement-expectation"><valueCode value="SHOULD"/></extension></multipleAnd><comparator value="eq"><extension url="http://hl7.org/fhir/StructureDefinition/capabilitystatement-expectation"><valueCode value="MAY"/></extension></comparator><comparator value="ne"><extension url="http://hl7.org/fhir/StructureDefinition/capabilitystatement-expectation"><valueCode value="MAY"/></extension></comparator><comparator value="gt"><extension url="http://hl7.org/fhir/StructureDefinition/capabilitystatement-expectation"><valueCode value="SHALL"/></extension></comparator><comparator value="lt"><extension url="http://hl7.org/fhir/StructureDefinition/capabilitystatement-expectation"><valueCode value="SHALL"/></extension></comparator><comparator value="le"><extension url="http://hl7.org/fhir/StructureDefinition/capabilitystatement-expectation"><valueCode value="SHALL"/></extension></comparator><comparator value="sa"><extension url="http://hl7.org/fhir/StructureDefinition/capabilitystatement-expectation"><valueCode value="MAY"/></extension></comparator><comparator value="eb"><extension url="http://hl7.org/fhir/StructureDefinition/capabilitystatement-expectation"><valueCode value="MAY"/></extension></comparator><comparator value="ap"><extension url="http://hl7.org/fhir/StructureDefinition/capabilitystatement-expectation"><valueCode value="MAY"/></extension></comparator><modifier value="missing"><extension url="http://hl7.org/fhir/StructureDefinition/capabilitystatement-expectation"><valueCode value="MAY"/></extension></modifier></SearchParameter>