{
  "resourceType": "SearchParameter",
  "id": "jp-medicationdispense-whenprepared-sp",
  "text": {
    "status": "generated",
    "div": "<div xmlns=\"http://www.w3.org/1999/xhtml\"><p><b>Generated Narrative</b></p><div style=\"display: inline-block; background-color: #d9e0e7; padding: 6px; margin: 4px; border: 1px solid #8da1b4; border-radius: 5px; line-height: 60%\"><p style=\"margin-bottom: 0px\">Resource \"jp-medicationdispense-whenprepared-sp\" </p></div><p><b>url</b>: <code>http://jpfhir.jp/fhir/core/SearchParameter/jp-medicationdispense-whenprepared-sp</code></p><p><b>version</b>: 1.1.0a</p><p><b>name</b>: JPMedicationDispenseWhenPreparedSP</p><p><b>status</b>: draft</p><p><b>date</b>: 2022-03-16</p><p><b>publisher</b>: FHIR Japanese implementation research working group in Japan Association of Medical Informatics (JAMI)</p><p><b>contact</b>: FHIR Japanese implementation research working group in Japan Association of Medical Informatics (JAMI): <a href=\"http://jpfhir.jp\">http://jpfhir.jp</a>,<a href=\"mailto:office@hlfhir.jp\">office@hlfhir.jp</a></p><p><b>description</b>: MedicationDispenseリソースのWhenPrepared(準備管理用日時)に関する検索を定義します。</p><p><b>jurisdiction</b>: Japan <span style=\"background: LightGoldenRodYellow; margin: 4px; border: 1px solid khaki\"> (unknown#JP)</span></p><p><b>code</b>: whenprepared</p><p><b>base</b>: MedicationRequest</p><p><b>type</b>: date</p><p><b>expression</b>: MedicationDispense.whenPrepared</p><p><b>xpath</b>: f:MedicationDispense/f:whenPrepared</p><p><b>xpathUsage</b>: normal</p><p><b>multipleOr</b>: true</p><p><b>multipleAnd</b>: true</p><p><b>comparator</b>: eq, ne, gt, lt, le, sa, eb, ap</p><p><b>modifier</b>: missing</p></div>"
  },
  "url": "http://jpfhir.jp/fhir/core/SearchParameter/jp-medicationdispense-whenprepared-sp",
  "version": "1.1.0a",
  "name": "JPMedicationDispenseWhenPreparedSP",
  "status": "draft",
  "date": "2022-03-16",
  "publisher": "FHIR Japanese implementation research working group in Japan Association of Medical Informatics (JAMI)",
  "contact": [
    {
      "name": "FHIR Japanese implementation research working group in Japan Association of Medical Informatics (JAMI)",
      "telecom": [
        {
          "system": "url",
          "value": "http://jpfhir.jp"
        },
        {
          "system": "email",
          "value": "office@hlfhir.jp"
        }
      ]
    }
  ],
  "description": "MedicationDispenseリソースのWhenPrepared(準備管理用日時)に関する検索を定義します。",
  "jurisdiction": [
    {
      "coding": [
        {
          "system": "urn:iso:std:iso:3166",
          "code": "JP"
        }
      ]
    }
  ],
  "code": "whenprepared",
  "base": [
    "MedicationRequest"
  ],
  "type": "date",
  "expression": "MedicationDispense.whenPrepared",
  "xpath": "f:MedicationDispense/f:whenPrepared",
  "xpathUsage": "normal",
  "multipleOr": true,
  "_multipleOr": {
    "extension": [
      {
        "url": "http://hl7.org/fhir/StructureDefinition/capabilitystatement-expectation",
        "valueCode": "MAY"
      }
    ]
  },
  "multipleAnd": true,
  "_multipleAnd": {
    "extension": [
      {
        "url": "http://hl7.org/fhir/StructureDefinition/capabilitystatement-expectation",
        "valueCode": "SHOULD"
      }
    ]
  },
  "comparator": [
    "eq",
    "ne",
    "gt",
    "lt",
    "le",
    "sa",
    "eb",
    "ap"
  ],
  "_comparator": [
    {
      "extension": [
        {
          "url": "http://hl7.org/fhir/StructureDefinition/capabilitystatement-expectation",
          "valueCode": "MAY"
        }
      ]
    },
    {
      "extension": [
        {
          "url": "http://hl7.org/fhir/StructureDefinition/capabilitystatement-expectation",
          "valueCode": "MAY"
        }
      ]
    },
    {
      "extension": [
        {
          "url": "http://hl7.org/fhir/StructureDefinition/capabilitystatement-expectation",
          "valueCode": "SHALL"
        }
      ]
    },
    {
      "extension": [
        {
          "url": "http://hl7.org/fhir/StructureDefinition/capabilitystatement-expectation",
          "valueCode": "SHALL"
        }
      ]
    },
    {
      "extension": [
        {
          "url": "http://hl7.org/fhir/StructureDefinition/capabilitystatement-expectation",
          "valueCode": "SHALL"
        }
      ]
    },
    {
      "extension": [
        {
          "url": "http://hl7.org/fhir/StructureDefinition/capabilitystatement-expectation",
          "valueCode": "MAY"
        }
      ]
    },
    {
      "extension": [
        {
          "url": "http://hl7.org/fhir/StructureDefinition/capabilitystatement-expectation",
          "valueCode": "MAY"
        }
      ]
    },
    {
      "extension": [
        {
          "url": "http://hl7.org/fhir/StructureDefinition/capabilitystatement-expectation",
          "valueCode": "MAY"
        }
      ]
    }
  ],
  "modifier": [
    "missing"
  ],
  "_modifier": [
    {
      "extension": [
        {
          "url": "http://hl7.org/fhir/StructureDefinition/capabilitystatement-expectation",
          "valueCode": "MAY"
        }
      ]
    }
  ]
}