{"resourceType":"CapabilityStatement","id":"jp-server-capabilitystatement","text":{"status":"extensions","div":"<div xmlns=\"http://www.w3.org/1999/xhtml\"><h2>JPCoreServerCapabilityStatement</h2><div><p>JP Core Server Actorの期待される機能について説明する。\nJP Core ServerがサポートするFHIRプロファイル、OperationsおよびSearch Parametersのリストが定義されている。</p>\n</div><table><tr><td>Mode</td><td>SERVER</td></tr><tr><td>Description</td><td/></tr><tr><td>Transaction</td><td>y</td></tr><tr><td>System History</td><td>y</td></tr><tr><td>System Search</td><td>y</td></tr></table><table><tr><th><b>Resource Type</b></th><th><b>Profile</b></th><th><b title=\"GET a resource (read interaction)\">Read</b></th><th><b title=\"GET past versions of resources (vread interaction)\">V-Read</b></th><th><b title=\"GET all set of resources of the type (search interaction)\">Search</b></th><th><b title=\"PUT a new resource version (update interaction)\">Update</b></th><th><b title=\"PATCH a new resource version (patch interaction)\">Patch</b></th><th><b title=\"POST a new resource (create interaction)\">Create</b></th><th><b title=\"DELETE a resource (delete interaction)\">Delete</b></th><th><b title=\"GET changes to a resource (history interaction on instance)\">Updates</b></th><th><b title=\"GET changes for all resources of the type (history interaction on type)\">History</b></th></tr><tr><td>Patient</td><td>Supported profiles:<br/>  <a href=\"http://jpfhir.jp/fhir/core/StructureDefinition/JP_Patient\">http://jpfhir.jp/fhir/core/StructureDefinition/JP_Patient</a></td><td>y</td><td>y</td><td>y</td><td>y</td><td>y</td><td>y</td><td>y</td><td>y</td><td>y</td></tr><tr><td>Coverage</td><td>Supported profiles:<br/>  <a href=\"http://jpfhir.jp/fhir/core/StructureDefinition/JP_Coverage\">http://jpfhir.jp/fhir/core/StructureDefinition/JP_Coverage</a></td><td>y</td><td>y</td><td>y</td><td>y</td><td>y</td><td>y</td><td>y</td><td>y</td><td>y</td></tr><tr><td>Encounter</td><td>Supported profiles:<br/>  <a href=\"http://jpfhir.jp/fhir/core/StructureDefinition/JP_Encounter\">http://jpfhir.jp/fhir/core/StructureDefinition/JP_Encounter</a></td><td>y</td><td>y</td><td>y</td><td>y</td><td>y</td><td>y</td><td>y</td><td>y</td><td>y</td></tr><tr><td>Location</td><td>Supported profiles:<br/>  <a href=\"http://jpfhir.jp/fhir/core/StructureDefinition/JP_Location\">http://jpfhir.jp/fhir/core/StructureDefinition/JP_Location</a></td><td>y</td><td>y</td><td>y</td><td>y</td><td>y</td><td>y</td><td>y</td><td>y</td><td>y</td></tr><tr><td>Organization</td><td>Supported profiles:<br/>  <a href=\"http://jpfhir.jp/fhir/core/StructureDefinition/JP_Organization\">http://jpfhir.jp/fhir/core/StructureDefinition/JP_Organization</a></td><td>y</td><td>y</td><td>y</td><td>y</td><td>y</td><td>y</td><td>y</td><td>y</td><td>y</td></tr><tr><td>Practitioner</td><td>Supported profiles:<br/>  <a href=\"http://jpfhir.jp/fhir/core/StructureDefinition/JP_Practitioner\">http://jpfhir.jp/fhir/core/StructureDefinition/JP_Practitioner</a></td><td>y</td><td>y</td><td>y</td><td>y</td><td>y</td><td>y</td><td>y</td><td>y</td><td>y</td></tr><tr><td>PractitionerRole</td><td>Supported profiles:<br/>  <a href=\"http://jpfhir.jp/fhir/core/StructureDefinition/JP_PractitionerRole\">http://jpfhir.jp/fhir/core/StructureDefinition/JP_PractitionerRole</a></td><td>y</td><td>y</td><td>y</td><td>y</td><td>y</td><td>y</td><td>y</td><td>y</td><td>y</td></tr><tr><td>Medication</td><td>Supported profiles:<br/>  <a href=\"http://jpfhir.jp/fhir/core/StructureDefinition/JP_Medication\">http://jpfhir.jp/fhir/core/StructureDefinition/JP_Medication</a></td><td>y</td><td>y</td><td>y</td><td>y</td><td>y</td><td>y</td><td>y</td><td>y</td><td>y</td></tr><tr><td>MedicationRequest</td><td>Supported profiles:<br/>  <a href=\"http://jpfhir.jp/fhir/core/StructureDefinition/JP_Medication\">http://jpfhir.jp/fhir/core/StructureDefinition/JP_Medication</a><br/>  <a href=\"http://jpfhir.jp/fhir/core/StructureDefinition/JP_MedicationRequest_Injection\">http://jpfhir.jp/fhir/core/StructureDefinition/JP_MedicationRequest_Injection</a></td><td>y</td><td>y</td><td>y</td><td>y</td><td>y</td><td>y</td><td>y</td><td>y</td><td>y</td></tr><tr><td>MedicationDispense</td><td>Supported profiles:<br/>  <a href=\"http://jpfhir.jp/fhir/core/StructureDefinition/JP_MedicationDispense\">http://jpfhir.jp/fhir/core/StructureDefinition/JP_MedicationDispense</a><br/>  <a href=\"http://jpfhir.jp/fhir/core/StructureDefinition/JP_MedicationDispense_Injection\">http://jpfhir.jp/fhir/core/StructureDefinition/JP_MedicationDispense_Injection</a></td><td>y</td><td>y</td><td>y</td><td>y</td><td>y</td><td>y</td><td>y</td><td>y</td><td>y</td></tr><tr><td>MedicationAdministration</td><td>Supported profiles:<br/>  <a href=\"http://jpfhir.jp/fhir/core/StructureDefinition/JP_MedicationAdministration\">http://jpfhir.jp/fhir/core/StructureDefinition/JP_MedicationAdministration</a><br/>  <a href=\"http://jpfhir.jp/fhir/core/StructureDefinition/JP_MedicationAdministration_Injection\">http://jpfhir.jp/fhir/core/StructureDefinition/JP_MedicationAdministration_Injection</a></td><td>y</td><td>y</td><td>y</td><td>y</td><td>y</td><td>y</td><td>y</td><td>y</td><td>y</td></tr><tr><td>Observation</td><td>Supported profiles:<br/>  <a href=\"http://jpfhir.jp/fhir/core/StructureDefinition/JP_Observation_Common\">http://jpfhir.jp/fhir/core/StructureDefinition/JP_Observation_Common</a><br/>  <a href=\"http://jpfhir.jp/fhir/core/StructureDefinition/JP_Observation_LabResult\">http://jpfhir.jp/fhir/core/StructureDefinition/JP_Observation_LabResult</a><br/>  <a href=\"http://jpfhir.jp/fhir/core/StructureDefinition/JP_Observation_VitalSigns\">http://jpfhir.jp/fhir/core/StructureDefinition/JP_Observation_VitalSigns</a><br/>  <a href=\"http://jpfhir.jp/fhir/core/StructureDefinition/JP_Observation_BodyMeasurement\">http://jpfhir.jp/fhir/core/StructureDefinition/JP_Observation_BodyMeasurement</a><br/>  <a href=\"http://jpfhir.jp/fhir/core/StructureDefinition/JP_Observation_PhysicalExam\">http://jpfhir.jp/fhir/core/StructureDefinition/JP_Observation_PhysicalExam</a><br/>  <a href=\"http://jpfhir.jp/fhir/core/StructureDefinition/JP_Observation_SocialHistory\">http://jpfhir.jp/fhir/core/StructureDefinition/JP_Observation_SocialHistory</a></td><td>y</td><td>y</td><td>y</td><td>y</td><td>y</td><td>y</td><td>y</td><td>y</td><td>y</td></tr><tr><td>ImagingStudy</td><td>Supported profiles:<br/>  <a href=\"http://jpfhir.jp/fhir/core/StructureDefinition/JP_ImagingStudy_Radiology\">http://jpfhir.jp/fhir/core/StructureDefinition/JP_ImagingStudy_Radiology</a></td><td>y</td><td>y</td><td>y</td><td>y</td><td>y</td><td>y</td><td>y</td><td>y</td><td>y</td></tr><tr><td>DiagnosticReport</td><td>Supported profiles:<br/>  <a href=\"http://jpfhir.jp/fhir/core/StructureDefinition/JP_DiagnosticReport_Common\">http://jpfhir.jp/fhir/core/StructureDefinition/JP_DiagnosticReport_Common</a><br/>  <a href=\"http://jpfhir.jp/fhir/core/StructureDefinition/JP_DiagnosticReport_LabResult\">http://jpfhir.jp/fhir/core/StructureDefinition/JP_DiagnosticReport_LabResult</a><br/>  <a href=\"http://jpfhir.jp/fhir/core/StructureDefinition/JP_DiagnosticReport_Radiology\">http://jpfhir.jp/fhir/core/StructureDefinition/JP_DiagnosticReport_Radiology</a></td><td>y</td><td>y</td><td>y</td><td>y</td><td>y</td><td>y</td><td>y</td><td>y</td><td>y</td></tr><tr><td>AllergyIntolerance</td><td>Supported profiles:<br/>  <a href=\"http://jpfhir.jp/fhir/core/StructureDefinition/JP_AllergyIntolerance\">http://jpfhir.jp/fhir/core/StructureDefinition/JP_AllergyIntolerance</a></td><td>y</td><td>y</td><td>y</td><td>y</td><td>y</td><td>y</td><td>y</td><td>y</td><td>y</td></tr><tr><td>Condition</td><td>Supported profiles:<br/>  <a href=\"http://jpfhir.jp/fhir/core/StructureDefinition/JP_Condition\">http://jpfhir.jp/fhir/core/StructureDefinition/JP_Condition</a></td><td>y</td><td>y</td><td>y</td><td>y</td><td>y</td><td>y</td><td>y</td><td>y</td><td>y</td></tr><tr><td>Procedure</td><td>Supported profiles:<br/>  <a href=\"http://jpfhir.jp/fhir/core/StructureDefinition/JP_Procedure\">http://jpfhir.jp/fhir/core/StructureDefinition/JP_Procedure</a></td><td>y</td><td>y</td><td>y</td><td>y</td><td>y</td><td>y</td><td>y</td><td>y</td><td>y</td></tr></table></div>"},"url":"http://jpfhir.jp/fhir/core/CapabilityStatement/jp-server-capabilitystatement","version":"1.1.0a","name":"JPCoreServerCapabilityStatement","title":"JP Core Server CapabilityStatement","status":"draft","date":"2022-03-16","publisher":"FHIR Japanese implementation research working group in Japan Association of Medical Informatics (JAMI)","contact":[{"name":"FHIR Japanese implementation research working group in Japan Association of Medical Informatics (JAMI)","telecom":[{"system":"url","value":"http://jpfhir.jp"},{"system":"email","value":"office@hlfhir.jp"}]}],"description":"JP Core Server Actorの期待される機能について説明する。\nJP Core ServerがサポートするFHIRプロファイル、OperationsおよびSearch Parametersのリストが定義されている。","jurisdiction":[{"coding":[{"system":"urn:iso:std:iso:3166","code":"JP"}]}],"copyright":"FHIR Japanese implementation research working group in Japan Association of Medical Informatics (JAMI)","kind":"requirements","instantiates":["http://jpfhir.jp/fhir/core/CapabilityStatement/jp-server-capabilitystatement"],"fhirVersion":"4.0.1","format":["xml","json"],"rest":[{"mode":"server","resource":[{"extension":[{"url":"http://hl7.org/fhir/StructureDefinition/capabilitystatement-expectation","valueCode":"SHALL"},{"extension":[{"url":"http://hl7.org/fhir/StructureDefinition/capabilitystatement-expectation","valueCode":"SHOULD"},{"url":"required","valueString":"birthdate"},{"url":"required","valueString":"name"}],"url":"http://hl7.org/fhir/StructureDefinition/capabilitystatement-search-parameter-combination"},{"extension":[{"url":"http://hl7.org/fhir/StructureDefinition/capabilitystatement-expectation","valueCode":"SHOULD"},{"url":"required","valueString":"birthdate"},{"url":"required","valueString":"gender"}],"url":"http://hl7.org/fhir/StructureDefinition/capabilitystatement-search-parameter-combination"},{"extension":[{"url":"http://hl7.org/fhir/StructureDefinition/capabilitystatement-expectation","valueCode":"SHOULD"},{"url":"required","valueString":"birthdate"},{"url":"required","valueString":"name"},{"url":"required","valueString":"gnender"}],"url":"http://hl7.org/fhir/StructureDefinition/capabilitystatement-search-parameter-combination"},{"extension":[{"url":"http://hl7.org/fhir/StructureDefinition/capabilitystatement-expectation","valueCode":"SHOULD"},{"url":"required","valueString":"name"},{"url":"required","valueString":"phone"}],"url":"http://hl7.org/fhir/StructureDefinition/capabilitystatement-search-parameter-combination"},{"extension":[{"url":"http://hl7.org/fhir/StructureDefinition/capabilitystatement-expectation","valueCode":"SHOULD"},{"url":"required","valueString":"name"},{"url":"required","valueString":"address-postalcode"}],"url":"http://hl7.org/fhir/StructureDefinition/capabilitystatement-search-parameter-combination"},{"extension":[{"url":"http://hl7.org/fhir/StructureDefinition/capabilitystatement-expectation","valueCode":"MAY"},{"url":"required","valueString":"family"},{"url":"required","valueString":"given"},{"url":"required","valueString":"birthdate"},{"url":"required","valueString":"gender"},{"url":"required","valueString":"phone"},{"url":"required","valueString":"adress-phostalcode"}],"url":"http://hl7.org/fhir/StructureDefinition/capabilitystatement-search-parameter-combination"}],"type":"Patient","supportedProfile":["http://jpfhir.jp/fhir/core/StructureDefinition/JP_Patient"],"_supportedProfile":[{"extension":[{"url":"http://hl7.org/fhir/StructureDefinition/capabilitystatement-expectation","valueCode":"SHALL"}]}],"interaction":[{"extension":[{"url":"http://hl7.org/fhir/StructureDefinition/capabilitystatement-expectation","valueCode":"MAY"}],"code":"create"},{"extension":[{"url":"http://hl7.org/fhir/StructureDefinition/capabilitystatement-expectation","valueCode":"SHALL"}],"code":"search-type"},{"extension":[{"url":"http://hl7.org/fhir/StructureDefinition/capabilitystatement-expectation","valueCode":"SHALL"}],"code":"read"},{"extension":[{"url":"http://hl7.org/fhir/StructureDefinition/capabilitystatement-expectation","valueCode":"SHOULD"}],"code":"vread"},{"extension":[{"url":"http://hl7.org/fhir/StructureDefinition/capabilitystatement-expectation","valueCode":"MAY"}],"code":"update"},{"extension":[{"url":"http://hl7.org/fhir/StructureDefinition/capabilitystatement-expectation","valueCode":"MAY"}],"code":"patch"},{"extension":[{"url":"http://hl7.org/fhir/StructureDefinition/capabilitystatement-expectation","valueCode":"MAY"}],"code":"delete"},{"extension":[{"url":"http://hl7.org/fhir/StructureDefinition/capabilitystatement-expectation","valueCode":"SHOULD"}],"code":"history-instance"},{"extension":[{"url":"http://hl7.org/fhir/StructureDefinition/capabilitystatement-expectation","valueCode":"MAY"}],"code":"history-type"}],"referencePolicy":["resolves"],"searchRevInclude":["Provenance:target"],"_searchRevInclude":[{"extension":[{"url":"http://hl7.org/fhir/StructureDefinition/capabilitystatement-expectation","valueCode":"SHALL"}]}],"searchParam":[{"extension":[{"url":"http://hl7.org/fhir/StructureDefinition/capabilitystatement-expectation","valueCode":"SHALL"}],"name":"identifier","definition":"http://jpfhir.jp/fhir/core/SearchParameter/jp-patient-identifier-sp","type":"token","documentation":"患者ID"},{"extension":[{"url":"http://hl7.org/fhir/StructureDefinition/capabilitystatement-expectation","valueCode":"SHOULD"}],"name":"name","definition":"http://jpfhir.jp/fhir/core/SearchParameter/jp-patient-name-sp","type":"string","documentation":"氏名（名前全体）"},{"extension":[{"url":"http://hl7.org/fhir/StructureDefinition/capabilitystatement-expectation","valueCode":"SHOULD"}],"name":"family","definition":"http://jpfhir.jp/fhir/core/SearchParameter/jp-patient-family-sp","type":"string","documentation":"姓"},{"extension":[{"url":"http://hl7.org/fhir/StructureDefinition/capabilitystatement-expectation","valueCode":"SHOULD"}],"name":"given","definition":"http://jpfhir.jp/fhir/core/SearchParameter/jp-patient-given-sp","type":"string","documentation":"名"},{"extension":[{"url":"http://hl7.org/fhir/StructureDefinition/capabilitystatement-expectation","valueCode":"SHOULD"}],"name":"birthdate","definition":"http://jpfhir.jp/fhir/core/SearchParameter/jp-patient-birthdate-sp","type":"date","documentation":"生年月日"},{"extension":[{"url":"http://hl7.org/fhir/StructureDefinition/capabilitystatement-expectation","valueCode":"SHOULD"}],"name":"gender","definition":"http://jpfhir.jp/fhir/core/SearchParameter/jp-patient-gender-sp","type":"token","documentation":"性別"},{"extension":[{"url":"http://hl7.org/fhir/StructureDefinition/capabilitystatement-expectation","valueCode":"SHOULD"}],"name":"phone","definition":"http://jpfhir.jp/fhir/core/SearchParameter/jp-patient-phone-sp","type":"string","documentation":"電話番号"},{"extension":[{"url":"http://hl7.org/fhir/StructureDefinition/capabilitystatement-expectation","valueCode":"SHOULD"}],"name":"address-postalcode","definition":"http://jpfhir.jp/fhir/core/SearchParameter/jp-patient-address-postalcode-sp","type":"string","documentation":"郵便番号"}]},{"type":"Coverage","supportedProfile":["http://jpfhir.jp/fhir/core/StructureDefinition/JP_Coverage"],"_supportedProfile":[{"extension":[{"url":"http://hl7.org/fhir/StructureDefinition/capabilitystatement-expectation","valueCode":"SHALL"}]}],"interaction":[{"extension":[{"url":"http://hl7.org/fhir/StructureDefinition/capabilitystatement-expectation","valueCode":"MAY"}],"code":"create"},{"extension":[{"url":"http://hl7.org/fhir/StructureDefinition/capabilitystatement-expectation","valueCode":"SHALL"}],"code":"search-type"},{"extension":[{"url":"http://hl7.org/fhir/StructureDefinition/capabilitystatement-expectation","valueCode":"SHALL"}],"code":"read"},{"extension":[{"url":"http://hl7.org/fhir/StructureDefinition/capabilitystatement-expectation","valueCode":"SHOULD"}],"code":"vread"},{"extension":[{"url":"http://hl7.org/fhir/StructureDefinition/capabilitystatement-expectation","valueCode":"MAY"}],"code":"update"},{"extension":[{"url":"http://hl7.org/fhir/StructureDefinition/capabilitystatement-expectation","valueCode":"MAY"}],"code":"patch"},{"extension":[{"url":"http://hl7.org/fhir/StructureDefinition/capabilitystatement-expectation","valueCode":"MAY"}],"code":"delete"},{"extension":[{"url":"http://hl7.org/fhir/StructureDefinition/capabilitystatement-expectation","valueCode":"SHOULD"}],"code":"history-instance"},{"extension":[{"url":"http://hl7.org/fhir/StructureDefinition/capabilitystatement-expectation","valueCode":"MAY"}],"code":"history-type"}],"referencePolicy":["resolves"],"searchRevInclude":["Provenance:target"],"_searchRevInclude":[{"extension":[{"url":"http://hl7.org/fhir/StructureDefinition/capabilitystatement-expectation","valueCode":"SHALL"}]}],"searchParam":[{"extension":[{"url":"http://hl7.org/fhir/StructureDefinition/capabilitystatement-expectation","valueCode":"SHOULD"}],"name":"beneficiary","definition":"http://jpfhir.jp/fhir/core/SearchParameter/jp-coverage-beneficiary-sp","type":"reference","documentation":"保険受益者"},{"extension":[{"url":"http://hl7.org/fhir/StructureDefinition/capabilitystatement-expectation","valueCode":"SHOULD"}],"name":"class-type","definition":"http://jpfhir.jp/fhir/core/SearchParameter/jp-coverage-class-type-sp","type":"token","documentation":"保険者が発行した特定の健康カード番号のラベル"},{"extension":[{"url":"http://hl7.org/fhir/StructureDefinition/capabilitystatement-expectation","valueCode":"SHOULD"}],"name":"class-value","definition":"http://jpfhir.jp/fhir/core/SearchParameter/jp-coverage-class-value-sp","type":"string","documentation":"保険者が発行したラベルに関連付けられた英数字の文字列値"},{"extension":[{"url":"http://hl7.org/fhir/StructureDefinition/capabilitystatement-expectation","valueCode":"SHOULD"}],"name":"dependent","definition":"http://jpfhir.jp/fhir/core/SearchParameter/jp-coverage-dependent-sp","type":"string","documentation":"補償対象の被扶養者"},{"extension":[{"url":"http://hl7.org/fhir/StructureDefinition/capabilitystatement-expectation","valueCode":"SHOULD"}],"name":"identifier","definition":"http://jpfhir.jp/fhir/core/SearchParameter/jp-coverage-identifier-sp","type":"token","documentation":"一意識別子"},{"extension":[{"url":"http://hl7.org/fhir/StructureDefinition/capabilitystatement-expectation","valueCode":"SHOULD"}],"name":"patient","definition":"http://jpfhir.jp/fhir/core/SearchParameter/jp-coverage-patient-sp","type":"reference","documentation":"患者"},{"extension":[{"url":"http://hl7.org/fhir/StructureDefinition/capabilitystatement-expectation","valueCode":"SHOULD"}],"name":"payor","definition":"http://jpfhir.jp/fhir/core/SearchParameter/jp-coverage-payor-sp","type":"reference","documentation":"保険の引受人または支払人"},{"extension":[{"url":"http://hl7.org/fhir/StructureDefinition/capabilitystatement-expectation","valueCode":"SHOULD"}],"name":"policy-holder","definition":"http://jpfhir.jp/fhir/core/SearchParameter/jp-coverage-policy-holder-sp","type":"reference","documentation":"保険証券を「所有する」当事者"},{"extension":[{"url":"http://hl7.org/fhir/StructureDefinition/capabilitystatement-expectation","valueCode":"SHOULD"}],"name":"status","definition":"http://jpfhir.jp/fhir/core/SearchParameter/jp-coverage-status-sp","type":"token","documentation":"ステータス"},{"extension":[{"url":"http://hl7.org/fhir/StructureDefinition/capabilitystatement-expectation","valueCode":"SHOULD"}],"name":"subscriber","definition":"http://jpfhir.jp/fhir/core/SearchParameter/jp-coverage-subscriber-sp","type":"reference","documentation":"契約当事者"},{"extension":[{"url":"http://hl7.org/fhir/StructureDefinition/capabilitystatement-expectation","valueCode":"SHOULD"}],"name":"type","definition":"http://jpfhir.jp/fhir/core/SearchParameter/jp-coverage-type-sp","type":"token","documentation":"補償の種類"}]},{"extension":[{"url":"http://hl7.org/fhir/StructureDefinition/capabilitystatement-expectation","valueCode":"SHALL"},{"extension":[{"url":"http://hl7.org/fhir/StructureDefinition/capabilitystatement-expectation","valueCode":"SHOULD"},{"url":"required","valueString":"date"},{"url":"required","valueString":"patient"}],"url":"http://hl7.org/fhir/StructureDefinition/capabilitystatement-search-parameter-combination"},{"extension":[{"url":"http://hl7.org/fhir/StructureDefinition/capabilitystatement-expectation","valueCode":"SHOULD"},{"url":"required","valueString":"class"},{"url":"required","valueString":"patient"}],"url":"http://hl7.org/fhir/StructureDefinition/capabilitystatement-search-parameter-combination"},{"extension":[{"url":"http://hl7.org/fhir/StructureDefinition/capabilitystatement-expectation","valueCode":"SHOULD"},{"url":"required","valueString":"patient"},{"url":"required","valueString":"type"}],"url":"http://hl7.org/fhir/StructureDefinition/capabilitystatement-search-parameter-combination"},{"extension":[{"url":"http://hl7.org/fhir/StructureDefinition/capabilitystatement-expectation","valueCode":"SHOULD"},{"url":"required","valueString":"patient"},{"url":"required","valueString":"status"}],"url":"http://hl7.org/fhir/StructureDefinition/capabilitystatement-search-parameter-combination"}],"type":"Encounter","supportedProfile":["http://jpfhir.jp/fhir/core/StructureDefinition/JP_Encounter"],"_supportedProfile":[{"extension":[{"url":"http://hl7.org/fhir/StructureDefinition/capabilitystatement-expectation","valueCode":"SHALL"}]}],"interaction":[{"extension":[{"url":"http://hl7.org/fhir/StructureDefinition/capabilitystatement-expectation","valueCode":"MAY"}],"code":"create"},{"extension":[{"url":"http://hl7.org/fhir/StructureDefinition/capabilitystatement-expectation","valueCode":"SHALL"}],"code":"search-type"},{"extension":[{"url":"http://hl7.org/fhir/StructureDefinition/capabilitystatement-expectation","valueCode":"SHALL"}],"code":"read"},{"extension":[{"url":"http://hl7.org/fhir/StructureDefinition/capabilitystatement-expectation","valueCode":"SHOULD"}],"code":"vread"},{"extension":[{"url":"http://hl7.org/fhir/StructureDefinition/capabilitystatement-expectation","valueCode":"MAY"}],"code":"update"},{"extension":[{"url":"http://hl7.org/fhir/StructureDefinition/capabilitystatement-expectation","valueCode":"MAY"}],"code":"patch"},{"extension":[{"url":"http://hl7.org/fhir/StructureDefinition/capabilitystatement-expectation","valueCode":"MAY"}],"code":"delete"},{"extension":[{"url":"http://hl7.org/fhir/StructureDefinition/capabilitystatement-expectation","valueCode":"SHOULD"}],"code":"history-instance"},{"extension":[{"url":"http://hl7.org/fhir/StructureDefinition/capabilitystatement-expectation","valueCode":"MAY"}],"code":"history-type"}],"referencePolicy":["resolves"],"searchRevInclude":["Provenance:target"],"_searchRevInclude":[{"extension":[{"url":"http://hl7.org/fhir/StructureDefinition/capabilitystatement-expectation","valueCode":"SHALL"}]}],"searchParam":[{"extension":[{"url":"http://hl7.org/fhir/StructureDefinition/capabilitystatement-expectation","valueCode":"SHALL"}],"name":"patient","definition":"http://jpfhir.jp/fhir/core/SearchParameter/jp-encounter-patient-sp","type":"reference","documentation":"患者"},{"extension":[{"url":"http://hl7.org/fhir/StructureDefinition/capabilitystatement-expectation","valueCode":"SHOULD"}],"name":"identifier","definition":"http://jpfhir.jp/fhir/core/SearchParameter/jp-encounter-identifier-sp","type":"token","documentation":"外来・入院（外部向け）識別子"},{"extension":[{"url":"http://hl7.org/fhir/StructureDefinition/capabilitystatement-expectation","valueCode":"SHOULD"}],"name":"class","definition":"http://jpfhir.jp/fhir/core/SearchParameter/jp-encounter-class-sp","type":"token","documentation":"分類"},{"extension":[{"url":"http://hl7.org/fhir/StructureDefinition/capabilitystatement-expectation","valueCode":"SHOULD"}],"name":"date","definition":"http://jpfhir.jp/fhir/core/SearchParameter/jp-encounter-date-sp","type":"date","documentation":"イベント発生日"},{"extension":[{"url":"http://hl7.org/fhir/StructureDefinition/capabilitystatement-expectation","valueCode":"SHOULD"}],"name":"status","definition":"http://jpfhir.jp/fhir/core/SearchParameter/jp-encounter-status-sp","type":"token","documentation":"状態"},{"extension":[{"url":"http://hl7.org/fhir/StructureDefinition/capabilitystatement-expectation","valueCode":"SHOULD"}],"name":"type","definition":"http://jpfhir.jp/fhir/core/SearchParameter/jp-encounter-type-sp","type":"token","documentation":"具体的な外来・入院の事象"}]},{"type":"Location","supportedProfile":["http://jpfhir.jp/fhir/core/StructureDefinition/JP_Location"],"_supportedProfile":[{"extension":[{"url":"http://hl7.org/fhir/StructureDefinition/capabilitystatement-expectation","valueCode":"SHALL"}]}],"interaction":[{"extension":[{"url":"http://hl7.org/fhir/StructureDefinition/capabilitystatement-expectation","valueCode":"MAY"}],"code":"create"},{"extension":[{"url":"http://hl7.org/fhir/StructureDefinition/capabilitystatement-expectation","valueCode":"SHALL"}],"code":"search-type"},{"extension":[{"url":"http://hl7.org/fhir/StructureDefinition/capabilitystatement-expectation","valueCode":"SHALL"}],"code":"read"},{"extension":[{"url":"http://hl7.org/fhir/StructureDefinition/capabilitystatement-expectation","valueCode":"SHOULD"}],"code":"vread"},{"extension":[{"url":"http://hl7.org/fhir/StructureDefinition/capabilitystatement-expectation","valueCode":"MAY"}],"code":"update"},{"extension":[{"url":"http://hl7.org/fhir/StructureDefinition/capabilitystatement-expectation","valueCode":"MAY"}],"code":"patch"},{"extension":[{"url":"http://hl7.org/fhir/StructureDefinition/capabilitystatement-expectation","valueCode":"MAY"}],"code":"delete"},{"extension":[{"url":"http://hl7.org/fhir/StructureDefinition/capabilitystatement-expectation","valueCode":"SHOULD"}],"code":"history-instance"},{"extension":[{"url":"http://hl7.org/fhir/StructureDefinition/capabilitystatement-expectation","valueCode":"MAY"}],"code":"history-type"}],"referencePolicy":["resolves"],"searchRevInclude":["Provenance:target"],"_searchRevInclude":[{"extension":[{"url":"http://hl7.org/fhir/StructureDefinition/capabilitystatement-expectation","valueCode":"SHALL"}]}],"searchParam":[{"extension":[{"url":"http://hl7.org/fhir/StructureDefinition/capabilitystatement-expectation","valueCode":"SHALL"}],"name":"name","definition":"http://jpfhir.jp/fhir/core/CapabilityStatement/jp-core-location-name","type":"string","documentation":"場所の名称"},{"extension":[{"url":"http://hl7.org/fhir/StructureDefinition/capabilitystatement-expectation","valueCode":"SHALL"}],"name":"address","definition":"http://jpfhir.jp/fhir/core/SearchParameter/jp-location-address-sp","type":"string","documentation":"住所"},{"extension":[{"url":"http://hl7.org/fhir/StructureDefinition/capabilitystatement-expectation","valueCode":"SHOULD"}],"name":"address-city","definition":"http://jpfhir.jp/fhir/core/SearchParameter/jp-location-address-city-sp","type":"string","documentation":"市区町村"},{"extension":[{"url":"http://hl7.org/fhir/StructureDefinition/capabilitystatement-expectation","valueCode":"SHOULD"}],"name":"address-state","definition":"http://jpfhir.jp/fhir/core/SearchParameter/jp-location-address-state-sp","type":"string","documentation":"場所のステータス"},{"extension":[{"url":"http://hl7.org/fhir/StructureDefinition/capabilitystatement-expectation","valueCode":"SHOULD"}],"name":"address-postalcode","definition":"http://jpfhir.jp/fhir/core/SearchParameter/jp-location-address-postalcode-sp","type":"string","documentation":"場所の郵便番号"}]},{"type":"Organization","supportedProfile":["http://jpfhir.jp/fhir/core/StructureDefinition/JP_Organization"],"_supportedProfile":[{"extension":[{"url":"http://hl7.org/fhir/StructureDefinition/capabilitystatement-expectation","valueCode":"SHALL"}]}],"interaction":[{"extension":[{"url":"http://hl7.org/fhir/StructureDefinition/capabilitystatement-expectation","valueCode":"MAY"}],"code":"create"},{"extension":[{"url":"http://hl7.org/fhir/StructureDefinition/capabilitystatement-expectation","valueCode":"SHALL"}],"code":"search-type"},{"extension":[{"url":"http://hl7.org/fhir/StructureDefinition/capabilitystatement-expectation","valueCode":"SHALL"}],"code":"read"},{"extension":[{"url":"http://hl7.org/fhir/StructureDefinition/capabilitystatement-expectation","valueCode":"SHOULD"}],"code":"vread"},{"extension":[{"url":"http://hl7.org/fhir/StructureDefinition/capabilitystatement-expectation","valueCode":"MAY"}],"code":"update"},{"extension":[{"url":"http://hl7.org/fhir/StructureDefinition/capabilitystatement-expectation","valueCode":"MAY"}],"code":"patch"},{"extension":[{"url":"http://hl7.org/fhir/StructureDefinition/capabilitystatement-expectation","valueCode":"MAY"}],"code":"delete"},{"extension":[{"url":"http://hl7.org/fhir/StructureDefinition/capabilitystatement-expectation","valueCode":"SHOULD"}],"code":"history-instance"},{"extension":[{"url":"http://hl7.org/fhir/StructureDefinition/capabilitystatement-expectation","valueCode":"MAY"}],"code":"history-type"}],"referencePolicy":["resolves"],"searchRevInclude":["Provenance:target"],"_searchRevInclude":[{"extension":[{"url":"http://hl7.org/fhir/StructureDefinition/capabilitystatement-expectation","valueCode":"SHALL"}]}],"searchParam":[{"extension":[{"url":"http://hl7.org/fhir/StructureDefinition/capabilitystatement-expectation","valueCode":"SHOULD"}],"name":"identifier","definition":"http://jpfhir.jp/fhir/core/SearchParameter/jp-organization-identifier-sp","type":"token","documentation":"組織を識別するための識別子"},{"extension":[{"url":"http://hl7.org/fhir/StructureDefinition/capabilitystatement-expectation","valueCode":"SHOULD"}],"name":"name","definition":"http://jpfhir.jp/fhir/core/SearchParameter/jp-organization-name-sp","type":"string","documentation":"組織名称"},{"extension":[{"url":"http://hl7.org/fhir/StructureDefinition/capabilitystatement-expectation","valueCode":"SHOULD"}],"name":"address","definition":"http://jpfhir.jp/fhir/core/SearchParameter/jp-organization-address-sp","type":"string","documentation":"組織の住所"}]},{"type":"Practitioner","supportedProfile":["http://jpfhir.jp/fhir/core/StructureDefinition/JP_Practitioner"],"_supportedProfile":[{"extension":[{"url":"http://hl7.org/fhir/StructureDefinition/capabilitystatement-expectation","valueCode":"SHALL"}]}],"interaction":[{"extension":[{"url":"http://hl7.org/fhir/StructureDefinition/capabilitystatement-expectation","valueCode":"MAY"}],"code":"create"},{"extension":[{"url":"http://hl7.org/fhir/StructureDefinition/capabilitystatement-expectation","valueCode":"SHALL"}],"code":"search-type"},{"extension":[{"url":"http://hl7.org/fhir/StructureDefinition/capabilitystatement-expectation","valueCode":"SHALL"}],"code":"read"},{"extension":[{"url":"http://hl7.org/fhir/StructureDefinition/capabilitystatement-expectation","valueCode":"SHOULD"}],"code":"vread"},{"extension":[{"url":"http://hl7.org/fhir/StructureDefinition/capabilitystatement-expectation","valueCode":"MAY"}],"code":"update"},{"extension":[{"url":"http://hl7.org/fhir/StructureDefinition/capabilitystatement-expectation","valueCode":"MAY"}],"code":"patch"},{"extension":[{"url":"http://hl7.org/fhir/StructureDefinition/capabilitystatement-expectation","valueCode":"MAY"}],"code":"delete"},{"extension":[{"url":"http://hl7.org/fhir/StructureDefinition/capabilitystatement-expectation","valueCode":"SHOULD"}],"code":"history-instance"},{"extension":[{"url":"http://hl7.org/fhir/StructureDefinition/capabilitystatement-expectation","valueCode":"MAY"}],"code":"history-type"}],"referencePolicy":["resolves"],"searchRevInclude":["Provenance:target"],"_searchRevInclude":[{"extension":[{"url":"http://hl7.org/fhir/StructureDefinition/capabilitystatement-expectation","valueCode":"SHALL"}]}],"searchParam":[{"extension":[{"url":"http://hl7.org/fhir/StructureDefinition/capabilitystatement-expectation","valueCode":"SHALL"}],"name":"identifier","definition":"http://jpfhir.jp/fhir/core/SearchParameter/jp-practitioner-identifier-sp","type":"token","documentation":"医療従事者の識別子"},{"extension":[{"url":"http://hl7.org/fhir/StructureDefinition/capabilitystatement-expectation","valueCode":"SHOULD"}],"name":"name","definition":"http://jpfhir.jp/fhir/core/SearchParameter/jp-practitioner-name-sp","type":"string","documentation":"医療従事者の名称"}]},{"type":"PractitionerRole","supportedProfile":["http://jpfhir.jp/fhir/core/StructureDefinition/JP_PractitionerRole"],"_supportedProfile":[{"extension":[{"url":"http://hl7.org/fhir/StructureDefinition/capabilitystatement-expectation","valueCode":"SHALL"}]}],"interaction":[{"extension":[{"url":"http://hl7.org/fhir/StructureDefinition/capabilitystatement-expectation","valueCode":"MAY"}],"code":"create"},{"extension":[{"url":"http://hl7.org/fhir/StructureDefinition/capabilitystatement-expectation","valueCode":"SHALL"}],"code":"search-type"},{"extension":[{"url":"http://hl7.org/fhir/StructureDefinition/capabilitystatement-expectation","valueCode":"SHALL"}],"code":"read"},{"extension":[{"url":"http://hl7.org/fhir/StructureDefinition/capabilitystatement-expectation","valueCode":"SHOULD"}],"code":"vread"},{"extension":[{"url":"http://hl7.org/fhir/StructureDefinition/capabilitystatement-expectation","valueCode":"MAY"}],"code":"update"},{"extension":[{"url":"http://hl7.org/fhir/StructureDefinition/capabilitystatement-expectation","valueCode":"MAY"}],"code":"patch"},{"extension":[{"url":"http://hl7.org/fhir/StructureDefinition/capabilitystatement-expectation","valueCode":"MAY"}],"code":"delete"},{"extension":[{"url":"http://hl7.org/fhir/StructureDefinition/capabilitystatement-expectation","valueCode":"SHOULD"}],"code":"history-instance"},{"extension":[{"url":"http://hl7.org/fhir/StructureDefinition/capabilitystatement-expectation","valueCode":"MAY"}],"code":"history-type"}],"referencePolicy":["resolves"],"searchRevInclude":["Provenance:target"],"_searchRevInclude":[{"extension":[{"url":"http://hl7.org/fhir/StructureDefinition/capabilitystatement-expectation","valueCode":"SHALL"}]}],"searchParam":[{"extension":[{"url":"http://hl7.org/fhir/StructureDefinition/capabilitystatement-expectation","valueCode":"SHALL"}],"name":"specialty","definition":"http://jpfhir.jp/fhir/core/SearchParameter/jp-practitionerrole-specialty-sp","type":"token","documentation":"医療者の特定の専門性"},{"extension":[{"url":"http://hl7.org/fhir/StructureDefinition/capabilitystatement-expectation","valueCode":"SHALL"}],"name":"practitioner","definition":"http://jpfhir.jp/fhir/core/SearchParameter/jp-practitionerrole-practitioner-sp","type":"reference","documentation":"医療従事者"}]},{"type":"Medication","supportedProfile":["http://jpfhir.jp/fhir/core/StructureDefinition/JP_Medication"],"_supportedProfile":[{"extension":[{"url":"http://hl7.org/fhir/StructureDefinition/capabilitystatement-expectation","valueCode":"SHALL"}]}],"interaction":[{"extension":[{"url":"http://hl7.org/fhir/StructureDefinition/capabilitystatement-expectation","valueCode":"MAY"}],"code":"create"},{"extension":[{"url":"http://hl7.org/fhir/StructureDefinition/capabilitystatement-expectation","valueCode":"SHALL"}],"code":"search-type"},{"extension":[{"url":"http://hl7.org/fhir/StructureDefinition/capabilitystatement-expectation","valueCode":"SHALL"}],"code":"read"},{"extension":[{"url":"http://hl7.org/fhir/StructureDefinition/capabilitystatement-expectation","valueCode":"SHOULD"}],"code":"vread"},{"extension":[{"url":"http://hl7.org/fhir/StructureDefinition/capabilitystatement-expectation","valueCode":"MAY"}],"code":"update"},{"extension":[{"url":"http://hl7.org/fhir/StructureDefinition/capabilitystatement-expectation","valueCode":"MAY"}],"code":"patch"},{"extension":[{"url":"http://hl7.org/fhir/StructureDefinition/capabilitystatement-expectation","valueCode":"MAY"}],"code":"delete"},{"extension":[{"url":"http://hl7.org/fhir/StructureDefinition/capabilitystatement-expectation","valueCode":"SHOULD"}],"code":"history-instance"},{"extension":[{"url":"http://hl7.org/fhir/StructureDefinition/capabilitystatement-expectation","valueCode":"MAY"}],"code":"history-type"}],"referencePolicy":["resolves"],"searchRevInclude":["Provenance:target"],"_searchRevInclude":[{"extension":[{"url":"http://hl7.org/fhir/StructureDefinition/capabilitystatement-expectation","valueCode":"SHALL"}]}]},{"extension":[{"url":"http://hl7.org/fhir/StructureDefinition/capabilitystatement-expectation","valueCode":"SHALL"},{"extension":[{"url":"http://hl7.org/fhir/StructureDefinition/capabilitystatement-expectation","valueCode":"SHOULD"},{"url":"required","valueString":"patient"},{"url":"required","valueString":"date"}],"url":"http://hl7.org/fhir/StructureDefinition/capabilitystatement-search-parameter-combination"},{"extension":[{"url":"http://hl7.org/fhir/StructureDefinition/capabilitystatement-expectation","valueCode":"SHOULD"},{"url":"required","valueString":"patient"},{"url":"required","valueString":"authoredon"}],"url":"http://hl7.org/fhir/StructureDefinition/capabilitystatement-search-parameter-combination"},{"extension":[{"url":"http://hl7.org/fhir/StructureDefinition/capabilitystatement-expectation","valueCode":"MAY"},{"url":"required","valueString":"patient"},{"url":"optional","valueString":"authoredon"},{"url":"optional","valueString":"category"},{"url":"optional","valueString":"code"},{"url":"optional","valueString":"requester"}],"url":"http://hl7.org/fhir/StructureDefinition/capabilitystatement-search-parameter-combination"}],"type":"MedicationRequest","supportedProfile":["http://jpfhir.jp/fhir/core/StructureDefinition/JP_Medication","http://jpfhir.jp/fhir/core/StructureDefinition/JP_MedicationRequest_Injection"],"_supportedProfile":[{"extension":[{"url":"http://hl7.org/fhir/StructureDefinition/capabilitystatement-expectation","valueCode":"SHALL"}]},null],"interaction":[{"extension":[{"url":"http://hl7.org/fhir/StructureDefinition/capabilitystatement-expectation","valueCode":"MAY"}],"code":"create"},{"extension":[{"url":"http://hl7.org/fhir/StructureDefinition/capabilitystatement-expectation","valueCode":"SHALL"}],"code":"search-type"},{"extension":[{"url":"http://hl7.org/fhir/StructureDefinition/capabilitystatement-expectation","valueCode":"SHALL"}],"code":"read"},{"extension":[{"url":"http://hl7.org/fhir/StructureDefinition/capabilitystatement-expectation","valueCode":"SHOULD"}],"code":"vread"},{"extension":[{"url":"http://hl7.org/fhir/StructureDefinition/capabilitystatement-expectation","valueCode":"MAY"}],"code":"update"},{"extension":[{"url":"http://hl7.org/fhir/StructureDefinition/capabilitystatement-expectation","valueCode":"MAY"}],"code":"patch"},{"extension":[{"url":"http://hl7.org/fhir/StructureDefinition/capabilitystatement-expectation","valueCode":"MAY"}],"code":"delete"},{"extension":[{"url":"http://hl7.org/fhir/StructureDefinition/capabilitystatement-expectation","valueCode":"SHOULD"}],"code":"history-instance"},{"extension":[{"url":"http://hl7.org/fhir/StructureDefinition/capabilitystatement-expectation","valueCode":"MAY"}],"code":"history-type"}],"referencePolicy":["resolves"],"searchRevInclude":["Provenance:target"],"_searchRevInclude":[{"extension":[{"url":"http://hl7.org/fhir/StructureDefinition/capabilitystatement-expectation","valueCode":"SHALL"}]}],"searchParam":[{"extension":[{"url":"http://hl7.org/fhir/StructureDefinition/capabilitystatement-expectation","valueCode":"SHALL"}],"name":"identifier","definition":"http://jpfhir.jp/fhir/core/SearchParameter/jp-medicationrequest-identifier-sp","type":"token","documentation":"外部向け識別子"},{"extension":[{"url":"http://hl7.org/fhir/StructureDefinition/capabilitystatement-expectation","valueCode":"SHOULD"}],"name":"patient","definition":"http://jpfhir.jp/fhir/core/SearchParameter/jp-medicationrequest-patient-sp","type":"reference","documentation":"患者"},{"extension":[{"url":"http://hl7.org/fhir/StructureDefinition/capabilitystatement-expectation","valueCode":"SHOULD"}],"name":"authoredon","definition":"http://jpfhir.jp/fhir/core/SearchParameter/jp-medicationrequest-authoredon-sp","type":"date","documentation":"処方発行が最初に行なわれた日"},{"extension":[{"url":"http://hl7.org/fhir/StructureDefinition/capabilitystatement-expectation","valueCode":"SHOULD"}],"name":"date","definition":"http://jpfhir.jp/fhir/core/SearchParameter/jp-medicationrequest-date-sp","type":"date","documentation":"服用開始日"},{"extension":[{"url":"http://hl7.org/fhir/StructureDefinition/capabilitystatement-expectation","valueCode":"SHOULD"}],"name":"category","definition":"http://jpfhir.jp/fhir/core/SearchParameter/jp-medicationrequest-category-sp","type":"token","documentation":"薬剤使用区分"},{"extension":[{"url":"http://hl7.org/fhir/StructureDefinition/capabilitystatement-expectation","valueCode":"SHOULD"}],"name":"code","definition":"http://jpfhir.jp/fhir/core/SearchParameter/jp-medicationrequest-code-sp","type":"token","documentation":"薬品コード"},{"extension":[{"url":"http://hl7.org/fhir/StructureDefinition/capabilitystatement-expectation","valueCode":"SHOULD"}],"name":"requester","definition":"http://jpfhir.jp/fhir/core/SearchParameter/jp-medicationrequest-requester-sp","type":"reference","documentation":"処方発行者"}]},{"extension":[{"url":"http://hl7.org/fhir/StructureDefinition/capabilitystatement-expectation","valueCode":"SHALL"},{"extension":[{"url":"http://hl7.org/fhir/StructureDefinition/capabilitystatement-expectation","valueCode":"SHOULD"},{"url":"required","valueString":"patient"},{"url":"required","valueString":"whenhandedover"}],"url":"http://hl7.org/fhir/StructureDefinition/capabilitystatement-search-parameter-combination"},{"extension":[{"url":"http://hl7.org/fhir/StructureDefinition/capabilitystatement-expectation","valueCode":"MAY"},{"url":"required","valueString":"whenhandedover"},{"url":"required","valueString":"whenprepared"},{"url":"optional","valueString":"context"},{"url":"optional","valueString":"code"},{"url":"optional","valueString":"performer"}],"url":"http://hl7.org/fhir/StructureDefinition/capabilitystatement-search-parameter-combination"}],"type":"MedicationDispense","supportedProfile":["http://jpfhir.jp/fhir/core/StructureDefinition/JP_MedicationDispense","http://jpfhir.jp/fhir/core/StructureDefinition/JP_MedicationDispense_Injection"],"_supportedProfile":[{"extension":[{"url":"http://hl7.org/fhir/StructureDefinition/capabilitystatement-expectation","valueCode":"SHALL"}]},null],"interaction":[{"extension":[{"url":"http://hl7.org/fhir/StructureDefinition/capabilitystatement-expectation","valueCode":"MAY"}],"code":"create"},{"extension":[{"url":"http://hl7.org/fhir/StructureDefinition/capabilitystatement-expectation","valueCode":"SHALL"}],"code":"search-type"},{"extension":[{"url":"http://hl7.org/fhir/StructureDefinition/capabilitystatement-expectation","valueCode":"SHALL"}],"code":"read"},{"extension":[{"url":"http://hl7.org/fhir/StructureDefinition/capabilitystatement-expectation","valueCode":"SHOULD"}],"code":"vread"},{"extension":[{"url":"http://hl7.org/fhir/StructureDefinition/capabilitystatement-expectation","valueCode":"MAY"}],"code":"update"},{"extension":[{"url":"http://hl7.org/fhir/StructureDefinition/capabilitystatement-expectation","valueCode":"MAY"}],"code":"patch"},{"extension":[{"url":"http://hl7.org/fhir/StructureDefinition/capabilitystatement-expectation","valueCode":"MAY"}],"code":"delete"},{"extension":[{"url":"http://hl7.org/fhir/StructureDefinition/capabilitystatement-expectation","valueCode":"SHOULD"}],"code":"history-instance"},{"extension":[{"url":"http://hl7.org/fhir/StructureDefinition/capabilitystatement-expectation","valueCode":"MAY"}],"code":"history-type"}],"referencePolicy":["resolves"],"searchRevInclude":["Provenance:target"],"_searchRevInclude":[{"extension":[{"url":"http://hl7.org/fhir/StructureDefinition/capabilitystatement-expectation","valueCode":"SHALL"}]}],"searchParam":[{"extension":[{"url":"http://hl7.org/fhir/StructureDefinition/capabilitystatement-expectation","valueCode":"SHALL"}],"name":"identifier","definition":"http://jpfhir.jp/fhir/core/SearchParameter/jp-medicationdispense-identifier-sp","type":"token","documentation":"調剤払い出し識別子"},{"extension":[{"url":"http://hl7.org/fhir/StructureDefinition/capabilitystatement-expectation","valueCode":"SHOULD"}],"name":"patient","definition":"http://jpfhir.jp/fhir/core/SearchParameter/jp-medicationdispense-patient-sp","type":"reference","documentation":"患者"},{"extension":[{"url":"http://hl7.org/fhir/StructureDefinition/capabilitystatement-expectation","valueCode":"SHOULD"}],"name":"whenhandedover","definition":"http://jpfhir.jp/fhir/core/SearchParameter/jp-medicationdispense-whenhandedover-sp","type":"date","documentation":"払い出し日時"},{"extension":[{"url":"http://hl7.org/fhir/StructureDefinition/capabilitystatement-expectation","valueCode":"SHOULD"}],"name":"whenprepared","definition":"http://jpfhir.jp/fhir/core/SearchParameter/jp-medicationdispense-whenprepared-sp","type":"date","documentation":"調剤日時"},{"extension":[{"url":"http://hl7.org/fhir/StructureDefinition/capabilitystatement-expectation","valueCode":"SHOULD"}],"name":"code","definition":"http://jpfhir.jp/fhir/core/SearchParameter/jp-medicationdispense-code-sp","type":"token","documentation":"薬品コード"},{"extension":[{"url":"http://hl7.org/fhir/StructureDefinition/capabilitystatement-expectation","valueCode":"SHOULD"}],"name":"performer","definition":"http://jpfhir.jp/fhir/core/SearchParameter/jp-medicationdispense-performer-sp","type":"reference","documentation":"調剤実施者"},{"extension":[{"url":"http://hl7.org/fhir/StructureDefinition/capabilitystatement-expectation","valueCode":"SHOULD"}],"name":"context","definition":"http://jpfhir.jp/fhir/core/SearchParameter/jp-medicationdispense-context-sp","type":"reference","documentation":"調剤イベントに関連する外来・入院およびケアエピソード"}]},{"extension":[{"url":"http://hl7.org/fhir/StructureDefinition/capabilitystatement-expectation","valueCode":"SHALL"},{"extension":[{"url":"http://hl7.org/fhir/StructureDefinition/capabilitystatement-expectation","valueCode":"SHOULD"},{"url":"required","valueString":"patient"},{"url":"required","valueString":"effective-time"}],"url":"http://hl7.org/fhir/StructureDefinition/capabilitystatement-search-parameter-combination"}],"type":"MedicationAdministration","supportedProfile":["http://jpfhir.jp/fhir/core/StructureDefinition/JP_MedicationAdministration","http://jpfhir.jp/fhir/core/StructureDefinition/JP_MedicationAdministration_Injection"],"_supportedProfile":[{"extension":[{"url":"http://hl7.org/fhir/StructureDefinition/capabilitystatement-expectation","valueCode":"SHALL"}]},null],"interaction":[{"extension":[{"url":"http://hl7.org/fhir/StructureDefinition/capabilitystatement-expectation","valueCode":"MAY"}],"code":"create"},{"extension":[{"url":"http://hl7.org/fhir/StructureDefinition/capabilitystatement-expectation","valueCode":"SHALL"}],"code":"search-type"},{"extension":[{"url":"http://hl7.org/fhir/StructureDefinition/capabilitystatement-expectation","valueCode":"SHALL"}],"code":"read"},{"extension":[{"url":"http://hl7.org/fhir/StructureDefinition/capabilitystatement-expectation","valueCode":"SHOULD"}],"code":"vread"},{"extension":[{"url":"http://hl7.org/fhir/StructureDefinition/capabilitystatement-expectation","valueCode":"MAY"}],"code":"update"},{"extension":[{"url":"http://hl7.org/fhir/StructureDefinition/capabilitystatement-expectation","valueCode":"MAY"}],"code":"patch"},{"extension":[{"url":"http://hl7.org/fhir/StructureDefinition/capabilitystatement-expectation","valueCode":"MAY"}],"code":"delete"},{"extension":[{"url":"http://hl7.org/fhir/StructureDefinition/capabilitystatement-expectation","valueCode":"SHOULD"}],"code":"history-instance"},{"extension":[{"url":"http://hl7.org/fhir/StructureDefinition/capabilitystatement-expectation","valueCode":"MAY"}],"code":"history-type"}],"referencePolicy":["resolves"],"searchRevInclude":["Provenance:target"],"_searchRevInclude":[{"extension":[{"url":"http://hl7.org/fhir/StructureDefinition/capabilitystatement-expectation","valueCode":"SHALL"}]}],"searchParam":[{"extension":[{"url":"http://hl7.org/fhir/StructureDefinition/capabilitystatement-expectation","valueCode":"SHALL"}],"name":"identifier","definition":"http://jpfhir.jp/fhir/core/SearchParameter/jp-medicationadministration-identifier-sp","type":"token","documentation":"薬品識別子（RP番号＋薬剤番号）"},{"extension":[{"url":"http://hl7.org/fhir/StructureDefinition/capabilitystatement-expectation","valueCode":"SHOULD"}],"name":"patient","definition":"http://jpfhir.jp/fhir/core/SearchParameter/jp-medicationadministration-patient-sp","type":"reference","documentation":"患者"},{"extension":[{"url":"http://hl7.org/fhir/StructureDefinition/capabilitystatement-expectation","valueCode":"SHOULD"}],"name":"effective-time","definition":"http://jpfhir.jp/fhir/core/SearchParameter/jp-medicationadministration-effectivedatetime-sp","type":"date","documentation":"実施日時"},{"extension":[{"url":"http://hl7.org/fhir/StructureDefinition/capabilitystatement-expectation","valueCode":"MAY"}],"name":"code","definition":"http://jpfhir.jp/fhir/core/SearchParameter/jp-medicationadministration-code-sp","type":"token","documentation":"薬品コード"}]},{"extension":[{"url":"http://hl7.org/fhir/StructureDefinition/capabilitystatement-expectation","valueCode":"SHALL"},{"extension":[{"url":"http://hl7.org/fhir/StructureDefinition/capabilitystatement-expectation","valueCode":"SHOULD"},{"url":"required","valueString":"patient"},{"url":"required","valueString":"code"},{"url":"required","valueString":"date"},{"url":"required","valueString":"based-on"}],"url":"http://hl7.org/fhir/StructureDefinition/capabilitystatement-search-parameter-combination"},{"extension":[{"url":"http://hl7.org/fhir/StructureDefinition/capabilitystatement-expectation","valueCode":"SHOULD"},{"url":"required","valueString":"patient"},{"url":"required","valueString":"code"},{"url":"required","valueString":"date"},{"url":"required","valueString":"based-on"},{"url":"required","valueString":"value-quantity"}],"url":"http://hl7.org/fhir/StructureDefinition/capabilitystatement-search-parameter-combination"},{"extension":[{"url":"http://hl7.org/fhir/StructureDefinition/capabilitystatement-expectation","valueCode":"SHOULD"},{"url":"required","valueString":"patient"},{"url":"required","valueString":"code"},{"url":"required","valueString":"date"},{"url":"required","valueString":"based-on"},{"url":"required","valueString":"value-concept"}],"url":"http://hl7.org/fhir/StructureDefinition/capabilitystatement-search-parameter-combination"},{"extension":[{"url":"http://hl7.org/fhir/StructureDefinition/capabilitystatement-expectation","valueCode":"SHOULD"},{"url":"required","valueString":"patient"},{"url":"required","valueString":"code"},{"url":"required","valueString":"date"},{"url":"required","valueString":"based-on"},{"url":"required","valueString":"value-string"}],"url":"http://hl7.org/fhir/StructureDefinition/capabilitystatement-search-parameter-combination"},{"extension":[{"url":"http://hl7.org/fhir/StructureDefinition/capabilitystatement-expectation","valueCode":"SHOULD"},{"url":"required","valueString":"patient"},{"url":"required","valueString":"code"},{"url":"required","valueString":"value-quantity"}],"url":"http://hl7.org/fhir/StructureDefinition/capabilitystatement-search-parameter-combination"},{"extension":[{"url":"http://hl7.org/fhir/StructureDefinition/capabilitystatement-expectation","valueCode":"SHOULD"},{"url":"required","valueString":"patient"},{"url":"required","valueString":"code"},{"url":"required","valueString":"value-concept"}],"url":"http://hl7.org/fhir/StructureDefinition/capabilitystatement-search-parameter-combination"},{"extension":[{"url":"http://hl7.org/fhir/StructureDefinition/capabilitystatement-expectation","valueCode":"SHOULD"},{"url":"required","valueString":"patient"},{"url":"required","valueString":"code"},{"url":"required","valueString":"value-string"}],"url":"http://hl7.org/fhir/StructureDefinition/capabilitystatement-search-parameter-combination"},{"extension":[{"url":"http://hl7.org/fhir/StructureDefinition/capabilitystatement-expectation","valueCode":"MAY"},{"url":"required","valueString":"patient"},{"url":"required","valueString":"category"},{"url":"required","valueString":"code"},{"url":"required","valueString":"value-quantity"}],"url":"http://hl7.org/fhir/StructureDefinition/capabilitystatement-search-parameter-combination"},{"extension":[{"url":"http://hl7.org/fhir/StructureDefinition/capabilitystatement-expectation","valueCode":"MAY"},{"url":"required","valueString":"patient"},{"url":"required","valueString":"category"},{"url":"required","valueString":"code"},{"url":"required","valueString":"value-quantity"},{"url":"required","valueString":"date"}],"url":"http://hl7.org/fhir/StructureDefinition/capabilitystatement-search-parameter-combination"},{"extension":[{"url":"http://hl7.org/fhir/StructureDefinition/capabilitystatement-expectation","valueCode":"MAY"},{"url":"required","valueString":"patient"},{"url":"required","valueString":"category"},{"url":"required","valueString":"code"},{"url":"required","valueString":"value-quantity"},{"url":"required","valueString":"encounter"}],"url":"http://hl7.org/fhir/StructureDefinition/capabilitystatement-search-parameter-combination"}],"type":"Observation","supportedProfile":["http://jpfhir.jp/fhir/core/StructureDefinition/JP_Observation_Common","http://jpfhir.jp/fhir/core/StructureDefinition/JP_Observation_LabResult","http://jpfhir.jp/fhir/core/StructureDefinition/JP_Observation_VitalSigns","http://jpfhir.jp/fhir/core/StructureDefinition/JP_Observation_BodyMeasurement","http://jpfhir.jp/fhir/core/StructureDefinition/JP_Observation_PhysicalExam","http://jpfhir.jp/fhir/core/StructureDefinition/JP_Observation_SocialHistory"],"_supportedProfile":[{"extension":[{"url":"http://hl7.org/fhir/StructureDefinition/capabilitystatement-expectation","valueCode":"SHALL"}]},null,null,null,null,null],"interaction":[{"extension":[{"url":"http://hl7.org/fhir/StructureDefinition/capabilitystatement-expectation","valueCode":"MAY"}],"code":"create"},{"extension":[{"url":"http://hl7.org/fhir/StructureDefinition/capabilitystatement-expectation","valueCode":"SHALL"}],"code":"search-type"},{"extension":[{"url":"http://hl7.org/fhir/StructureDefinition/capabilitystatement-expectation","valueCode":"SHALL"}],"code":"read"},{"extension":[{"url":"http://hl7.org/fhir/StructureDefinition/capabilitystatement-expectation","valueCode":"SHOULD"}],"code":"vread"},{"extension":[{"url":"http://hl7.org/fhir/StructureDefinition/capabilitystatement-expectation","valueCode":"MAY"}],"code":"update"},{"extension":[{"url":"http://hl7.org/fhir/StructureDefinition/capabilitystatement-expectation","valueCode":"MAY"}],"code":"patch"},{"extension":[{"url":"http://hl7.org/fhir/StructureDefinition/capabilitystatement-expectation","valueCode":"MAY"}],"code":"delete"},{"extension":[{"url":"http://hl7.org/fhir/StructureDefinition/capabilitystatement-expectation","valueCode":"SHOULD"}],"code":"history-instance"},{"extension":[{"url":"http://hl7.org/fhir/StructureDefinition/capabilitystatement-expectation","valueCode":"MAY"}],"code":"history-type"}],"referencePolicy":["resolves"],"searchRevInclude":["Provenance:target"],"_searchRevInclude":[{"extension":[{"url":"http://hl7.org/fhir/StructureDefinition/capabilitystatement-expectation","valueCode":"SHALL"}]}],"searchParam":[{"extension":[{"url":"http://hl7.org/fhir/StructureDefinition/capabilitystatement-expectation","valueCode":"SHOULD"}],"name":"patient","definition":"http://jpfhir.jp/fhir/core/SearchParameter/jp-observation-patient-sp","type":"reference","documentation":"患者"},{"extension":[{"url":"http://hl7.org/fhir/StructureDefinition/capabilitystatement-expectation","valueCode":"SHOULD"}],"name":"subject","definition":"http://jpfhir.jp/fhir/core/SearchParameter/jp-observation-subject-sp","type":"reference","documentation":"検査の対象"},{"extension":[{"url":"http://hl7.org/fhir/StructureDefinition/capabilitystatement-expectation","valueCode":"SHOULD"}],"name":"category","definition":"http://jpfhir.jp/fhir/core/SearchParameter/jp-observation-category-sp","type":"token","documentation":"種別（タイプ）の分類"},{"extension":[{"url":"http://hl7.org/fhir/StructureDefinition/capabilitystatement-expectation","valueCode":"SHOULD"}],"name":"code","definition":"http://jpfhir.jp/fhir/core/SearchParameter/jp-observation-code-sp","type":"token","documentation":"コードもしくはタイプ"},{"extension":[{"url":"http://hl7.org/fhir/StructureDefinition/capabilitystatement-expectation","valueCode":"SHOULD"}],"name":"date","definition":"http://jpfhir.jp/fhir/core/SearchParameter/jp-observation-date-sp","type":"date","documentation":"臨床に関連する時刻または時間"},{"extension":[{"url":"http://hl7.org/fhir/StructureDefinition/capabilitystatement-expectation","valueCode":"SHOULD"}],"name":"encounter","definition":"http://jpfhir.jp/fhir/core/SearchParameter/jp-observation-encounter-sp","type":"reference","documentation":"医療提供者と患者の接点"},{"extension":[{"url":"http://hl7.org/fhir/StructureDefinition/capabilitystatement-expectation","valueCode":"SHOULD"}],"name":"value-quantity","definition":"http://jpfhir.jp/fhir/core/SearchParameter/jp-observation-value-quantity-sp","type":"quantity","documentation":"検査値"},{"extension":[{"url":"http://hl7.org/fhir/StructureDefinition/capabilitystatement-expectation","valueCode":"SHOULD"}],"name":"value-concept","definition":"http://jpfhir.jp/fhir/core/SearchParameter/jp-observation-value-concept-sp","type":"token","documentation":"検査コード"},{"extension":[{"url":"http://hl7.org/fhir/StructureDefinition/capabilitystatement-expectation","valueCode":"SHOULD"}],"name":"value-string","definition":"http://jpfhir.jp/fhir/core/SearchParameter/jp-observation-value-string-sp","type":"token","documentation":"検査値"},{"extension":[{"url":"http://hl7.org/fhir/StructureDefinition/capabilitystatement-expectation","valueCode":"SHOULD"}],"name":"based-on","definition":"http://jpfhir.jp/fhir/core/SearchParameter/jp-observation-based-on-sp","type":"reference","documentation":"オーダー依頼科"}]},{"extension":[{"url":"http://hl7.org/fhir/StructureDefinition/capabilitystatement-expectation","valueCode":"SHALL"},{"extension":[{"url":"http://hl7.org/fhir/StructureDefinition/capabilitystatement-expectation","valueCode":"SHOULD"},{"url":"required","valueString":"patient"},{"url":"required","valueString":"modality"}],"url":"http://hl7.org/fhir/StructureDefinition/capabilitystatement-search-parameter-combination"},{"extension":[{"url":"http://hl7.org/fhir/StructureDefinition/capabilitystatement-expectation","valueCode":"SHOULD"},{"url":"required","valueString":"patient"},{"url":"required","valueString":"bodysite"}],"url":"http://hl7.org/fhir/StructureDefinition/capabilitystatement-search-parameter-combination"},{"extension":[{"url":"http://hl7.org/fhir/StructureDefinition/capabilitystatement-expectation","valueCode":"SHOULD"},{"url":"required","valueString":"patient"},{"url":"required","valueString":"started"}],"url":"http://hl7.org/fhir/StructureDefinition/capabilitystatement-search-parameter-combination"},{"extension":[{"url":"http://hl7.org/fhir/StructureDefinition/capabilitystatement-expectation","valueCode":"SHOULD"},{"url":"required","valueString":"patient"},{"url":"optional","valueString":"modality"},{"url":"optional","valueString":"bodysite"},{"url":"optional","valueString":"started"}],"url":"http://hl7.org/fhir/StructureDefinition/capabilitystatement-search-parameter-combination"}],"type":"ImagingStudy","supportedProfile":["http://jpfhir.jp/fhir/core/StructureDefinition/JP_ImagingStudy_Radiology"],"_supportedProfile":[{"extension":[{"url":"http://hl7.org/fhir/StructureDefinition/capabilitystatement-expectation","valueCode":"SHALL"}]}],"interaction":[{"extension":[{"url":"http://hl7.org/fhir/StructureDefinition/capabilitystatement-expectation","valueCode":"MAY"}],"code":"create"},{"extension":[{"url":"http://hl7.org/fhir/StructureDefinition/capabilitystatement-expectation","valueCode":"SHALL"}],"code":"search-type"},{"extension":[{"url":"http://hl7.org/fhir/StructureDefinition/capabilitystatement-expectation","valueCode":"SHALL"}],"code":"read"},{"extension":[{"url":"http://hl7.org/fhir/StructureDefinition/capabilitystatement-expectation","valueCode":"SHOULD"}],"code":"vread"},{"extension":[{"url":"http://hl7.org/fhir/StructureDefinition/capabilitystatement-expectation","valueCode":"MAY"}],"code":"update"},{"extension":[{"url":"http://hl7.org/fhir/StructureDefinition/capabilitystatement-expectation","valueCode":"MAY"}],"code":"patch"},{"extension":[{"url":"http://hl7.org/fhir/StructureDefinition/capabilitystatement-expectation","valueCode":"MAY"}],"code":"delete"},{"extension":[{"url":"http://hl7.org/fhir/StructureDefinition/capabilitystatement-expectation","valueCode":"SHOULD"}],"code":"history-instance"},{"extension":[{"url":"http://hl7.org/fhir/StructureDefinition/capabilitystatement-expectation","valueCode":"MAY"}],"code":"history-type"}],"referencePolicy":["resolves"],"searchRevInclude":["Provenance:target"],"_searchRevInclude":[{"extension":[{"url":"http://hl7.org/fhir/StructureDefinition/capabilitystatement-expectation","valueCode":"SHALL"}]}],"searchParam":[{"extension":[{"url":"http://hl7.org/fhir/StructureDefinition/capabilitystatement-expectation","valueCode":"SHOULD"}],"name":"patient","definition":"http://jpfhir.jp/fhir/core/SearchParameter/jp-imagingstudy-patient-sp","type":"reference","documentation":"患者"},{"extension":[{"url":"http://hl7.org/fhir/StructureDefinition/capabilitystatement-expectation","valueCode":"SHOULD"}],"name":"subject","definition":"http://jpfhir.jp/fhir/core/SearchParameter/jp-imagingstudy-subject-sp","type":"reference","documentation":"検査の対象"},{"extension":[{"url":"http://hl7.org/fhir/StructureDefinition/capabilitystatement-expectation","valueCode":"SHOULD"}],"name":"modality","definition":"http://jpfhir.jp/fhir/core/SearchParameter/jp-imagingstudy-modality-sp","type":"token","documentation":"装置"},{"extension":[{"url":"http://hl7.org/fhir/StructureDefinition/capabilitystatement-expectation","valueCode":"SHOULD"}],"name":"bodysite","definition":"http://jpfhir.jp/fhir/core/SearchParameter/jp-imagingstudy-bodysite-sp","type":"token","documentation":"部位"},{"extension":[{"url":"http://hl7.org/fhir/StructureDefinition/capabilitystatement-expectation","valueCode":"SHOULD"}],"name":"started","definition":"http://jpfhir.jp/fhir/core/SearchParameter/jp-imagingstudy-started-sp","type":"date","documentation":"検査開始日時"},{"extension":[{"url":"http://hl7.org/fhir/StructureDefinition/capabilitystatement-expectation","valueCode":"SHOULD"}],"name":"encounter","definition":"http://jpfhir.jp/fhir/core/SearchParameter/jp-imagingstudy-encounter-sp","type":"reference","documentation":"外来・入院情報"}]},{"extension":[{"url":"http://hl7.org/fhir/StructureDefinition/capabilitystatement-expectation","valueCode":"SHALL"},{"extension":[{"url":"http://hl7.org/fhir/StructureDefinition/capabilitystatement-expectation","valueCode":"SHOULD"},{"url":"required","valueString":"subject"},{"url":"required","valueString":"category"}],"url":"http://hl7.org/fhir/StructureDefinition/capabilitystatement-search-parameter-combination"},{"extension":[{"url":"http://hl7.org/fhir/StructureDefinition/capabilitystatement-expectation","valueCode":"SHOULD"},{"url":"required","valueString":"subject"},{"url":"required","valueString":"category"},{"url":"required","valueString":"based-on"}],"url":"http://hl7.org/fhir/StructureDefinition/capabilitystatement-search-parameter-combination"},{"extension":[{"url":"http://hl7.org/fhir/StructureDefinition/capabilitystatement-expectation","valueCode":"SHOULD"},{"url":"required","valueString":"subject"},{"url":"required","valueString":"category"},{"url":"required","valueString":"date"}],"url":"http://hl7.org/fhir/StructureDefinition/capabilitystatement-search-parameter-combination"},{"extension":[{"url":"http://hl7.org/fhir/StructureDefinition/capabilitystatement-expectation","valueCode":"MAY"},{"url":"required","valueString":"subject"},{"url":"optional","valueString":"based-on"},{"url":"optional","valueString":"category"},{"url":"optional","valueString":"code"},{"url":"optional","valueString":"conclusion"},{"url":"optional","valueString":"date"},{"url":"optional","valueString":"encounter"},{"url":"optional","valueString":"identifier"},{"url":"optional","valueString":"issued"},{"url":"optional","valueString":"media"},{"url":"optional","valueString":"performer"},{"url":"optional","valueString":"result"},{"url":"optional","valueString":"results-interpreter"},{"url":"optional","valueString":"status"}],"url":"http://hl7.org/fhir/StructureDefinition/capabilitystatement-search-parameter-combination"}],"type":"DiagnosticReport","supportedProfile":["http://jpfhir.jp/fhir/core/StructureDefinition/JP_DiagnosticReport_Common","http://jpfhir.jp/fhir/core/StructureDefinition/JP_DiagnosticReport_LabResult","http://jpfhir.jp/fhir/core/StructureDefinition/JP_DiagnosticReport_Radiology"],"_supportedProfile":[{"extension":[{"url":"http://hl7.org/fhir/StructureDefinition/capabilitystatement-expectation","valueCode":"SHALL"}]},null,null],"interaction":[{"extension":[{"url":"http://hl7.org/fhir/StructureDefinition/capabilitystatement-expectation","valueCode":"MAY"}],"code":"create"},{"extension":[{"url":"http://hl7.org/fhir/StructureDefinition/capabilitystatement-expectation","valueCode":"SHALL"}],"code":"search-type"},{"extension":[{"url":"http://hl7.org/fhir/StructureDefinition/capabilitystatement-expectation","valueCode":"SHALL"}],"code":"read"},{"extension":[{"url":"http://hl7.org/fhir/StructureDefinition/capabilitystatement-expectation","valueCode":"SHOULD"}],"code":"vread"},{"extension":[{"url":"http://hl7.org/fhir/StructureDefinition/capabilitystatement-expectation","valueCode":"MAY"}],"code":"update"},{"extension":[{"url":"http://hl7.org/fhir/StructureDefinition/capabilitystatement-expectation","valueCode":"MAY"}],"code":"patch"},{"extension":[{"url":"http://hl7.org/fhir/StructureDefinition/capabilitystatement-expectation","valueCode":"MAY"}],"code":"delete"},{"extension":[{"url":"http://hl7.org/fhir/StructureDefinition/capabilitystatement-expectation","valueCode":"SHOULD"}],"code":"history-instance"},{"extension":[{"url":"http://hl7.org/fhir/StructureDefinition/capabilitystatement-expectation","valueCode":"MAY"}],"code":"history-type"}],"referencePolicy":["resolves"],"searchRevInclude":["Provenance:target"],"_searchRevInclude":[{"extension":[{"url":"http://hl7.org/fhir/StructureDefinition/capabilitystatement-expectation","valueCode":"SHALL"}]}],"searchParam":[{"extension":[{"url":"http://hl7.org/fhir/StructureDefinition/capabilitystatement-expectation","valueCode":"SHOULD"}],"name":"based-on","definition":"http://jpfhir.jp/fhir/core/SearchParameter/jp-diagnosticreport-based-on-sp","type":"reference","documentation":"依頼情報"},{"extension":[{"url":"http://hl7.org/fhir/StructureDefinition/capabilitystatement-expectation","valueCode":"SHOULD"}],"name":"category","definition":"http://jpfhir.jp/fhir/core/SearchParameter/jp-diagnosticreport-category-sp","type":"token","documentation":"臨床分野・部門・診断サービス（CT, US, MRIなど）を分類するコード"},{"extension":[{"url":"http://hl7.org/fhir/StructureDefinition/capabilitystatement-expectation","valueCode":"SHOULD"}],"name":"code","definition":"http://jpfhir.jp/fhir/core/SearchParameter/jp-diagnosticreport-code-sp","type":"token","documentation":"レポートの種別"},{"extension":[{"url":"http://hl7.org/fhir/StructureDefinition/capabilitystatement-expectation","valueCode":"SHOULD"}],"name":"conclusion","definition":"http://jpfhir.jp/fhir/core/SearchParameter/jp-core-diagnosticreport-conclusion","type":"token","documentation":"レポート本文"},{"extension":[{"url":"http://hl7.org/fhir/StructureDefinition/capabilitystatement-expectation","valueCode":"SHOULD"}],"name":"date","definition":"http://jpfhir.jp/fhir/core/SearchParameter/jp-diagnosticreport-date-sp","type":"date","documentation":"レポート作成日"},{"extension":[{"url":"http://hl7.org/fhir/StructureDefinition/capabilitystatement-expectation","valueCode":"SHOULD"}],"name":"encounter","definition":"http://jpfhir.jp/fhir/core/SearchParameter/jp-diagnosticreport-encounter-sp","type":"reference","documentation":"外来・入院情報"},{"extension":[{"url":"http://hl7.org/fhir/StructureDefinition/capabilitystatement-expectation","valueCode":"SHOULD"}],"name":"identifier","definition":"http://jpfhir.jp/fhir/core/SearchParameter/jp-diagnosticreport-identifier-sp","type":"token","documentation":"一意識別子"},{"extension":[{"url":"http://hl7.org/fhir/StructureDefinition/capabilitystatement-expectation","valueCode":"SHOULD"}],"name":"issued","definition":"http://jpfhir.jp/fhir/core/SearchParameter/jp-diagnosticreport-issued-sp","type":"date","documentation":"発行日時"},{"extension":[{"url":"http://hl7.org/fhir/StructureDefinition/capabilitystatement-expectation","valueCode":"SHOULD"}],"name":"media","definition":"http://jpfhir.jp/fhir/core/SearchParameter/jp-diagnosticreport-media-sp","type":"reference","documentation":"画像情報"},{"extension":[{"url":"http://hl7.org/fhir/StructureDefinition/capabilitystatement-expectation","valueCode":"SHOULD"}],"name":"patient","definition":"http://jpfhir.jp/fhir/core/SearchParameter/jp-diagnosticreport-patient-sp","type":"reference","documentation":"対象の患者"},{"extension":[{"url":"http://hl7.org/fhir/StructureDefinition/capabilitystatement-expectation","valueCode":"SHOULD"}],"name":"performer","definition":"http://jpfhir.jp/fhir/core/SearchParameter/jp-diagnosticreport-performer-sp","type":"reference","documentation":"レポート記載者"},{"extension":[{"url":"http://hl7.org/fhir/StructureDefinition/capabilitystatement-expectation","valueCode":"SHOULD"}],"name":"result","definition":"http://jpfhir.jp/fhir/core/SearchParameter/jp-diagnosticreport-result-sp","type":"reference","documentation":"診断レポートの一部"},{"extension":[{"url":"http://hl7.org/fhir/StructureDefinition/capabilitystatement-expectation","valueCode":"SHOULD"}],"name":"results-interpreter","definition":"http://jpfhir.jp/fhir/core/SearchParameter/jp-diagnosticreport-results-interpreter-sp","type":"reference","documentation":"レポートの結論や読影に関わる医師や組織"},{"extension":[{"url":"http://hl7.org/fhir/StructureDefinition/capabilitystatement-expectation","valueCode":"SHOULD"}],"name":"status","definition":"http://jpfhir.jp/fhir/core/SearchParameter/jp-core-diagnosticreport-status","type":"token","documentation":"レポート進捗"},{"extension":[{"url":"http://hl7.org/fhir/StructureDefinition/capabilitystatement-expectation","valueCode":"SHOULD"}],"name":"subject","definition":"http://jpfhir.jp/fhir/core/SearchParameter/jp-diagnosticreport-subject-sp","type":"reference","documentation":"レポート対象"}]},{"extension":[{"url":"http://hl7.org/fhir/StructureDefinition/capabilitystatement-expectation","valueCode":"SHALL"},{"extension":[{"url":"http://hl7.org/fhir/StructureDefinition/capabilitystatement-expectation","valueCode":"SHOULD"},{"url":"required","valueString":"patient"},{"url":"required","valueString":"date"}],"url":"http://hl7.org/fhir/StructureDefinition/capabilitystatement-search-parameter-combination"},{"extension":[{"url":"http://hl7.org/fhir/StructureDefinition/capabilitystatement-expectation","valueCode":"SHOULD"},{"url":"required","valueString":"patient"},{"url":"required","valueString":"clinical-status"}],"url":"http://hl7.org/fhir/StructureDefinition/capabilitystatement-search-parameter-combination"},{"extension":[{"url":"http://hl7.org/fhir/StructureDefinition/capabilitystatement-expectation","valueCode":"SHOULD"},{"url":"required","valueString":"patient"},{"url":"required","valueString":"verification-status"}],"url":"http://hl7.org/fhir/StructureDefinition/capabilitystatement-search-parameter-combination"},{"extension":[{"url":"http://hl7.org/fhir/StructureDefinition/capabilitystatement-expectation","valueCode":"SHOULD"},{"url":"required","valueString":"patient"},{"url":"required","valueString":"type"}],"url":"http://hl7.org/fhir/StructureDefinition/capabilitystatement-search-parameter-combination"},{"extension":[{"url":"http://hl7.org/fhir/StructureDefinition/capabilitystatement-expectation","valueCode":"SHOULD"},{"url":"required","valueString":"patient"},{"url":"required","valueString":"category"}],"url":"http://hl7.org/fhir/StructureDefinition/capabilitystatement-search-parameter-combination"},{"extension":[{"url":"http://hl7.org/fhir/StructureDefinition/capabilitystatement-expectation","valueCode":"SHOULD"},{"url":"required","valueString":"patient"},{"url":"required","valueString":"criticality"}],"url":"http://hl7.org/fhir/StructureDefinition/capabilitystatement-search-parameter-combination"}],"type":"AllergyIntolerance","supportedProfile":["http://jpfhir.jp/fhir/core/StructureDefinition/JP_AllergyIntolerance"],"_supportedProfile":[{"extension":[{"url":"http://hl7.org/fhir/StructureDefinition/capabilitystatement-expectation","valueCode":"SHALL"}]}],"interaction":[{"extension":[{"url":"http://hl7.org/fhir/StructureDefinition/capabilitystatement-expectation","valueCode":"MAY"}],"code":"create"},{"extension":[{"url":"http://hl7.org/fhir/StructureDefinition/capabilitystatement-expectation","valueCode":"SHALL"}],"code":"search-type"},{"extension":[{"url":"http://hl7.org/fhir/StructureDefinition/capabilitystatement-expectation","valueCode":"SHALL"}],"code":"read"},{"extension":[{"url":"http://hl7.org/fhir/StructureDefinition/capabilitystatement-expectation","valueCode":"SHOULD"}],"code":"vread"},{"extension":[{"url":"http://hl7.org/fhir/StructureDefinition/capabilitystatement-expectation","valueCode":"MAY"}],"code":"update"},{"extension":[{"url":"http://hl7.org/fhir/StructureDefinition/capabilitystatement-expectation","valueCode":"MAY"}],"code":"patch"},{"extension":[{"url":"http://hl7.org/fhir/StructureDefinition/capabilitystatement-expectation","valueCode":"MAY"}],"code":"delete"},{"extension":[{"url":"http://hl7.org/fhir/StructureDefinition/capabilitystatement-expectation","valueCode":"SHOULD"}],"code":"history-instance"},{"extension":[{"url":"http://hl7.org/fhir/StructureDefinition/capabilitystatement-expectation","valueCode":"MAY"}],"code":"history-type"}],"referencePolicy":["resolves"],"searchRevInclude":["Provenance:target"],"_searchRevInclude":[{"extension":[{"url":"http://hl7.org/fhir/StructureDefinition/capabilitystatement-expectation","valueCode":"SHALL"}]}],"searchParam":[{"extension":[{"url":"http://hl7.org/fhir/StructureDefinition/capabilitystatement-expectation","valueCode":"SHOULD"}],"name":"patient","definition":"http://jpfhir.jp/fhir/core/SearchParameter/jp-allergyintolerance-patient-sp","type":"reference","documentation":"患者"},{"extension":[{"url":"http://hl7.org/fhir/StructureDefinition/capabilitystatement-expectation","valueCode":"SHOULD"}],"name":"clinical-status","definition":"http://jpfhir.jp/fhir/core/SearchParameter/jp-allergyintolerance-clinical-status-sp","type":"token","documentation":"アレルギー・不耐性の臨床的なステータス"},{"extension":[{"url":"http://hl7.org/fhir/StructureDefinition/capabilitystatement-expectation","valueCode":"SHOULD"}],"name":"date","definition":"http://jpfhir.jp/fhir/core/SearchParameter/jp-allergyintolerance-date-sp","type":"date","documentation":"記載日時"},{"extension":[{"url":"http://hl7.org/fhir/StructureDefinition/capabilitystatement-expectation","valueCode":"SHOULD"}],"name":"category","definition":"http://jpfhir.jp/fhir/core/SearchParameter/jp-allergyintolerance-category-sp","type":"token","documentation":"特定された原因物質のカテゴリ"},{"extension":[{"url":"http://hl7.org/fhir/StructureDefinition/capabilitystatement-expectation","valueCode":"SHOULD"}],"name":"verification-status","definition":"http://jpfhir.jp/fhir/core/SearchParameter/jp-allergyintolerance-verification-status-sp","type":"token","documentation":"特定された物質に対する反応の傾向や潜在的なリスクの確実性"},{"extension":[{"url":"http://hl7.org/fhir/StructureDefinition/capabilitystatement-expectation","valueCode":"SHOULD"}],"name":"criticality","definition":"http://jpfhir.jp/fhir/core/SearchParameter/jp-allergyintolerance-criticality-sp","type":"token","documentation":"特定された物質に対する反応や潜在的な臨床的危害または深刻さの推定"}]},{"extension":[{"url":"http://hl7.org/fhir/StructureDefinition/capabilitystatement-expectation","valueCode":"SHALL"},{"extension":[{"url":"http://hl7.org/fhir/StructureDefinition/capabilitystatement-expectation","valueCode":"SHOULD"},{"url":"required","valueString":"patient"},{"url":"required","valueString":"date"}],"url":"http://hl7.org/fhir/StructureDefinition/capabilitystatement-search-parameter-combination"},{"extension":[{"url":"http://hl7.org/fhir/StructureDefinition/capabilitystatement-expectation","valueCode":"SHOULD"},{"url":"required","valueString":"patient"},{"url":"required","valueString":"clinical-status"}],"url":"http://hl7.org/fhir/StructureDefinition/capabilitystatement-search-parameter-combination"},{"extension":[{"url":"http://hl7.org/fhir/StructureDefinition/capabilitystatement-expectation","valueCode":"SHOULD"},{"url":"required","valueString":"patient"},{"url":"required","valueString":"verification-status"}],"url":"http://hl7.org/fhir/StructureDefinition/capabilitystatement-search-parameter-combination"},{"extension":[{"url":"http://hl7.org/fhir/StructureDefinition/capabilitystatement-expectation","valueCode":"SHOULD"},{"url":"required","valueString":"patient"},{"url":"required","valueString":"category"}],"url":"http://hl7.org/fhir/StructureDefinition/capabilitystatement-search-parameter-combination"}],"type":"Condition","supportedProfile":["http://jpfhir.jp/fhir/core/StructureDefinition/JP_Condition"],"_supportedProfile":[{"extension":[{"url":"http://hl7.org/fhir/StructureDefinition/capabilitystatement-expectation","valueCode":"SHALL"}]}],"interaction":[{"extension":[{"url":"http://hl7.org/fhir/StructureDefinition/capabilitystatement-expectation","valueCode":"MAY"}],"code":"create"},{"extension":[{"url":"http://hl7.org/fhir/StructureDefinition/capabilitystatement-expectation","valueCode":"SHALL"}],"code":"search-type"},{"extension":[{"url":"http://hl7.org/fhir/StructureDefinition/capabilitystatement-expectation","valueCode":"SHALL"}],"code":"read"},{"extension":[{"url":"http://hl7.org/fhir/StructureDefinition/capabilitystatement-expectation","valueCode":"SHOULD"}],"code":"vread"},{"extension":[{"url":"http://hl7.org/fhir/StructureDefinition/capabilitystatement-expectation","valueCode":"MAY"}],"code":"update"},{"extension":[{"url":"http://hl7.org/fhir/StructureDefinition/capabilitystatement-expectation","valueCode":"MAY"}],"code":"patch"},{"extension":[{"url":"http://hl7.org/fhir/StructureDefinition/capabilitystatement-expectation","valueCode":"MAY"}],"code":"delete"},{"extension":[{"url":"http://hl7.org/fhir/StructureDefinition/capabilitystatement-expectation","valueCode":"SHOULD"}],"code":"history-instance"},{"extension":[{"url":"http://hl7.org/fhir/StructureDefinition/capabilitystatement-expectation","valueCode":"MAY"}],"code":"history-type"}],"referencePolicy":["resolves"],"searchRevInclude":["Provenance:target"],"_searchRevInclude":[{"extension":[{"url":"http://hl7.org/fhir/StructureDefinition/capabilitystatement-expectation","valueCode":"SHALL"}]}],"searchParam":[{"extension":[{"url":"http://hl7.org/fhir/StructureDefinition/capabilitystatement-expectation","valueCode":"SHOULD"}],"name":"patient","definition":"http://jpfhir.jp/fhir/core/SearchParameter/jp-condition-patient-sp","type":"reference","documentation":"患者"},{"extension":[{"url":"http://hl7.org/fhir/StructureDefinition/capabilitystatement-expectation","valueCode":"SHOULD"}],"name":"clinical-status","definition":"http://jpfhir.jp/fhir/core/SearchParameter/jp-condition-clinical-status-sp","type":"token","documentation":"臨床的状態のステータス"},{"extension":[{"url":"http://hl7.org/fhir/StructureDefinition/capabilitystatement-expectation","valueCode":"SHOULD"}],"name":"onset-date","definition":"http://jpfhir.jp/fhir/core/SearchParameter/jp-condition-onset-date-sp","type":"date","documentation":"発症日時"},{"extension":[{"url":"http://hl7.org/fhir/StructureDefinition/capabilitystatement-expectation","valueCode":"SHOULD"}],"name":"category","definition":"http://jpfhir.jp/fhir/core/SearchParameter/jp-condition-category-sp","type":"token","documentation":"カテゴリ"},{"extension":[{"url":"http://hl7.org/fhir/StructureDefinition/capabilitystatement-expectation","valueCode":"SHOULD"}],"name":"verification-status","definition":"http://jpfhir.jp/fhir/core/SearchParameter/jp-condition-verification-status-sp","type":"token","documentation":"clinicalStatusの確からしさ"}]},{"extension":[{"url":"http://hl7.org/fhir/StructureDefinition/capabilitystatement-expectation","valueCode":"SHALL"},{"extension":[{"url":"http://hl7.org/fhir/StructureDefinition/capabilitystatement-expectation","valueCode":"SHOULD"},{"url":"required","valueString":"patient"},{"url":"required","valueString":"date"}],"url":"http://hl7.org/fhir/StructureDefinition/capabilitystatement-search-parameter-combination"}],"type":"Procedure","supportedProfile":["http://jpfhir.jp/fhir/core/StructureDefinition/JP_Procedure"],"_supportedProfile":[{"extension":[{"url":"http://hl7.org/fhir/StructureDefinition/capabilitystatement-expectation","valueCode":"SHALL"}]}],"interaction":[{"extension":[{"url":"http://hl7.org/fhir/StructureDefinition/capabilitystatement-expectation","valueCode":"MAY"}],"code":"create"},{"extension":[{"url":"http://hl7.org/fhir/StructureDefinition/capabilitystatement-expectation","valueCode":"SHALL"}],"code":"search-type"},{"extension":[{"url":"http://hl7.org/fhir/StructureDefinition/capabilitystatement-expectation","valueCode":"SHALL"}],"code":"read"},{"extension":[{"url":"http://hl7.org/fhir/StructureDefinition/capabilitystatement-expectation","valueCode":"SHOULD"}],"code":"vread"},{"extension":[{"url":"http://hl7.org/fhir/StructureDefinition/capabilitystatement-expectation","valueCode":"MAY"}],"code":"update"},{"extension":[{"url":"http://hl7.org/fhir/StructureDefinition/capabilitystatement-expectation","valueCode":"MAY"}],"code":"patch"},{"extension":[{"url":"http://hl7.org/fhir/StructureDefinition/capabilitystatement-expectation","valueCode":"MAY"}],"code":"delete"},{"extension":[{"url":"http://hl7.org/fhir/StructureDefinition/capabilitystatement-expectation","valueCode":"SHOULD"}],"code":"history-instance"},{"extension":[{"url":"http://hl7.org/fhir/StructureDefinition/capabilitystatement-expectation","valueCode":"MAY"}],"code":"history-type"}],"referencePolicy":["resolves"],"searchRevInclude":["Provenance:target"],"_searchRevInclude":[{"extension":[{"url":"http://hl7.org/fhir/StructureDefinition/capabilitystatement-expectation","valueCode":"SHALL"}]}],"searchParam":[{"extension":[{"url":"http://hl7.org/fhir/StructureDefinition/capabilitystatement-expectation","valueCode":"SHOULD"}],"name":"patient","definition":"http://jpfhir.jp/fhir/core/SearchParameter/jp-procedure-patient-sp","type":"reference","documentation":"患者"},{"extension":[{"url":"http://hl7.org/fhir/StructureDefinition/capabilitystatement-expectation","valueCode":"SHOULD"}],"name":"date","definition":"http://jpfhir.jp/fhir/core/SearchParameter/jp-procedure-date-sp","type":"date","documentation":"処置実施日時"}]}],"interaction":[{"extension":[{"url":"http://hl7.org/fhir/StructureDefinition/capabilitystatement-expectation","valueCode":"MAY"}],"code":"transaction"},{"extension":[{"url":"http://hl7.org/fhir/StructureDefinition/capabilitystatement-expectation","valueCode":"MAY"}],"code":"batch"},{"extension":[{"url":"http://hl7.org/fhir/StructureDefinition/capabilitystatement-expectation","valueCode":"MAY"}],"code":"search-system"},{"extension":[{"url":"http://hl7.org/fhir/StructureDefinition/capabilitystatement-expectation","valueCode":"MAY"}],"code":"history-system"}]}]}