{"resourceType":"SearchParameter","id":"jp-medicationdispense-performer-sp","url":"http://jpfhir.jp/fhir/core/SearchParameter/jp-medicationdispense-performer-sp","version":"1.1.0a","name":"JPMedicationDispensePerformerSP","status":"draft","date":"2022-03-16","publisher":"FHIR Japanese implementation research working group in Japan Association of Medical Informatics (JAMI)","contact":[{"name":"FHIR Japanese implementation research working group in Japan Association of Medical Informatics (JAMI)","telecom":[{"system":"url","value":"http://jpfhir.jp"},{"system":"email","value":"office@hlfhir.jp"}]}],"description":"MedicationDispenseリソースのperformerに関する検索を定義します。","jurisdiction":[{"coding":[{"system":"urn:iso:std:iso:3166","code":"JP"}]}],"code":"performer","base":["MedicationDispense"],"type":"reference","expression":"MedicationDispense.performer.actor","xpath":"f:MedicationDispense/f:performer/f:actor","xpathUsage":"normal","target":["Practitioner","PractitionerRole","Organization","Patient","Device","RelatedPerson"],"multipleOr":true,"_multipleOr":{"extension":[{"url":"http://hl7.org/fhir/StructureDefinition/capabilitystatement-expectation","valueCode":"MAY"}]},"multipleAnd":true,"_multipleAnd":{"extension":[{"url":"http://hl7.org/fhir/StructureDefinition/capabilitystatement-expectation","valueCode":"MAY"}]},"modifier":["missing","type","identifier"],"_modifier":[{"extension":[{"url":"http://hl7.org/fhir/StructureDefinition/capabilitystatement-expectation","valueCode":"MAY"}]},{"extension":[{"url":"http://hl7.org/fhir/StructureDefinition/capabilitystatement-expectation","valueCode":"MAY"}]},{"extension":[{"url":"http://hl7.org/fhir/StructureDefinition/capabilitystatement-expectation","valueCode":"MAY"}]}],"chain":["identifier","name"],"_chain":[{"extension":[{"url":"http://hl7.org/fhir/StructureDefinition/capabilitystatement-expectation","valueCode":"SHALL"}]},{"extension":[{"url":"http://hl7.org/fhir/StructureDefinition/capabilitystatement-expectation","valueCode":"SHALL"}]}]}