{
  "resourceType": "CodeSystem",
  "id": "jp-core-work-codesystem-EventStatus",
  "text": {
    "status": "generated",
    "div": "<div xmlns=\"http://www.w3.org/1999/xhtml\"><p>This code system https://hl7fhir.jp/fhir/ImplementationGuide/jp-core-work-codesystem-EventStatus defines the following codes:</p><table class=\"codes\"><tr><td style=\"white-space:nowrap\"><b>Code</b></td><td><b>Display</b></td><td><b>Definition</b></td></tr><tr><td style=\"white-space:nowrap\">preparation<a name=\"jp-core-work-codesystem-EventStatus-preparation\"> </a></td><td>Preparation</td><td>コアイベントはまだ開始されていませんが、一部のステージングアクティビティが開始されています(e.gです。手術室準備)。準備段階は、請求目的のために追跡できます。</td></tr><tr><td style=\"white-space:nowrap\">in-progress<a name=\"jp-core-work-codesystem-EventStatus-in-progress\"> </a></td><td>In Progress</td><td>イベントは現在発生中です。</td></tr><tr><td style=\"white-space:nowrap\">not-done<a name=\"jp-core-work-codesystem-EventStatus-not-done\"> </a></td><td>Not Done</td><td>イベントは準備ができないアクティビティの前に終了しました。I.eです。「メイン 」アクティビティはまだ開始されていません。準備活動と「メイン 」活動の境界は、状況に応じて異なります。</td></tr><tr><td style=\"white-space:nowrap\">on-hold<a name=\"jp-core-work-codesystem-EventStatus-on-hold\"> </a></td><td>On Hold</td><td>イベントは一時停止されていますが、今後再開される予定です。</td></tr><tr><td style=\"white-space:nowrap\">stopped<a name=\"jp-core-work-codesystem-EventStatus-stopped\"> </a></td><td>Stopped</td><td>イベントは、意図したアクティビティーが完全に完了する前に終了しましたが、少なくとも一部の「メイン 」アクティビティー(準備ができていない)が発生した後に終了しました。</td></tr><tr><td style=\"white-space:nowrap\">completed<a name=\"jp-core-work-codesystem-EventStatus-completed\"> </a></td><td>Completed</td><td>イベントは終了しました。</td></tr><tr><td style=\"white-space:nowrap\">entered-in-error<a name=\"jp-core-work-codesystem-EventStatus-entered-in-error\"> </a></td><td>Entered in Error</td><td>この電子記録は存在すべきではなかったが、現実世界の決定がそれに基づいていた可能性はある。(実世界の活動が発生した場合、ステータスは「エラー入力」ではなく「停止」でなければなりません。)。</td></tr><tr><td style=\"white-space:nowrap\">unknown<a name=\"jp-core-work-codesystem-EventStatus-unknown\"> </a></td><td>Unknown</td><td>オーサリング/ソースシステムでは、このイベントに現在適用されているステータス値がわかりません。注記:この概念は「その他」には使用されません。リストされているステータスのいずれかが適用されると想定されますが、オーサリングシステムとソースシステムはどちらに該当するかわかりません。</td></tr></table></div>"
  },
  "url": "https://hl7fhir.jp/fhir/ImplementationGuide/jp-core-work-codesystem-EventStatus",
  "version": "1.1.0a",
  "name": "EventStatus",
  "title": "Procedureの状態",
  "status": "draft",
  "date": "2022-06-15T04:45:37+00:00",
  "publisher": "FHIR Japanese implementation research working group in Japan Association of Medical Informatics (JAMI)",
  "contact": [
    {
      "name": "FHIR Japanese implementation research working group in Japan Association of Medical Informatics (JAMI)",
      "telecom": [
        {
          "system": "url",
          "value": "http://jpfhir.jp"
        },
        {
          "system": "email",
          "value": "office@hlfhir.jp"
        }
      ]
    }
  ],
  "jurisdiction": [
    {
      "coding": [
        {
          "system": "urn:iso:std:iso:3166",
          "code": "JP"
        }
      ]
    }
  ],
  "copyright": "FHIR Japanese implementation research working group in Japan Association of Medical Informatics (JAMI)",
  "content": "complete",
  "count": 8,
  "concept": [
    {
      "code": "preparation",
      "display": "Preparation",
      "definition": "コアイベントはまだ開始されていませんが、一部のステージングアクティビティが開始されています(e.gです。手術室準備)。準備段階は、請求目的のために追跡できます。"
    },
    {
      "code": "in-progress",
      "display": "In Progress",
      "definition": "イベントは現在発生中です。"
    },
    {
      "code": "not-done",
      "display": "Not Done",
      "definition": "イベントは準備ができないアクティビティの前に終了しました。I.eです。「メイン 」アクティビティはまだ開始されていません。準備活動と「メイン 」活動の境界は、状況に応じて異なります。"
    },
    {
      "code": "on-hold",
      "display": "On Hold",
      "definition": "イベントは一時停止されていますが、今後再開される予定です。"
    },
    {
      "code": "stopped",
      "display": "Stopped",
      "definition": "イベントは、意図したアクティビティーが完全に完了する前に終了しましたが、少なくとも一部の「メイン 」アクティビティー(準備ができていない)が発生した後に終了しました。"
    },
    {
      "code": "completed",
      "display": "Completed",
      "definition": "イベントは終了しました。"
    },
    {
      "code": "entered-in-error",
      "display": "Entered in Error",
      "definition": "この電子記録は存在すべきではなかったが、現実世界の決定がそれに基づいていた可能性はある。(実世界の活動が発生した場合、ステータスは「エラー入力」ではなく「停止」でなければなりません。)。"
    },
    {
      "code": "unknown",
      "display": "Unknown",
      "definition": "オーサリング/ソースシステムでは、このイベントに現在適用されているステータス値がわかりません。注記:この概念は「その他」には使用されません。リストされているステータスのいずれかが適用されると想定されますが、オーサリングシステムとソースシステムはどちらに該当するかわかりません。"
    }
  ]
}